season_id,week,guest,home,guest_starters_score,home_starters_score,type,end_type,guest_bench_score,home_bench_score,final_winner,home_advantage
2005,1,PIR,GT,95,44,SEASON,REGULAR,\N,\N,GUEST,Y
2005,1,TIZ,GAN,86,68,SEASON,REGULAR,\N,\N,GUEST,Y
2005,1,SAL,GUE,65,43,SEASON,REGULAR,\N,\N,GUEST,Y
2005,1,COL,CHA,96,65,SEASON,REGULAR,\N,\N,GUEST,Y
2005,1,PUM,CA,93,73,SEASON,REGULAR,\N,\N,GUEST,Y
2005,2,PIR,GAN,65,98,SEASON,REGULAR,\N,\N,HOME,Y
2005,2,COL,GT,106,70,SEASON,REGULAR,\N,\N,GUEST,Y
2005,2,PUM,TIZ,82,80,SEASON,REGULAR,\N,\N,GUEST,Y
2005,2,CHA,SAL,49,94,SEASON,REGULAR,\N,\N,HOME,Y
2005,2,CA,GUE,63,40,SEASON,REGULAR,\N,\N,GUEST,Y
2005,3,GAN,GUE,90,24,SEASON,REGULAR,\N,\N,GUEST,Y
2005,3,COL,PIR,51,70,SEASON,REGULAR,\N,\N,HOME,Y
2005,3,PUM,GT,81,120,SEASON,REGULAR,\N,\N,HOME,Y
2005,3,TIZ,CHA,90,54,SEASON,REGULAR,\N,\N,GUEST,Y
2005,3,CA,SAL,62,88,SEASON,REGULAR,\N,\N,HOME,Y
2005,4,PIR,SAL,67,100,SEASON,REGULAR,\N,\N,HOME,Y
2005,4,GT,CA,57,65,SEASON,REGULAR,\N,\N,HOME,Y
2005,4,GUE,TIZ,105,55,SEASON,REGULAR,\N,\N,GUEST,Y
2005,4,GAN,COL,96,107,SEASON,REGULAR,\N,\N,HOME,Y
2005,4,CHA,PUM,77,47,SEASON,REGULAR,\N,\N,GUEST,Y
2005,5,GT,GUE,71,43,SEASON,REGULAR,\N,\N,GUEST,Y
2005,5,TIZ,PIR,61,47,SEASON,REGULAR,\N,\N,GUEST,Y
2005,5,SAL,COL,91,64,SEASON,REGULAR,\N,\N,GUEST,Y
2005,5,PUM,GAN,88,88,SEASON,BENCH,1,0,GUEST,Y
2005,5,CA,CHA,84,62,SEASON,REGULAR,\N,\N,GUEST,Y
2005,6,TIZ,GT,56,93,SEASON,REGULAR,\N,\N,HOME,Y
2005,6,GUE,SAL,40,87,SEASON,REGULAR,\N,\N,HOME,Y
2005,6,GAN,CHA,81,62,SEASON,REGULAR,\N,\N,GUEST,Y
2005,6,COL,CA,60,48,SEASON,REGULAR,\N,\N,GUEST,Y
2005,6,PUM,PIR,69,41,SEASON,REGULAR,\N,\N,GUEST,Y
2005,7,PIR,GUE,87,31,SEASON,REGULAR,\N,\N,GUEST,Y
2005,7,SAL,TIZ,61,64,SEASON,REGULAR,\N,\N,HOME,Y
2005,7,GAN,GT,62,65,SEASON,REGULAR,\N,\N,HOME,Y
2005,7,CHA,COL,60,91,SEASON,REGULAR,\N,\N,HOME,Y
2005,7,CA,PUM,65,74,SEASON,REGULAR,\N,\N,HOME,Y
2005,8,PIR,CA,96,75,SEASON,REGULAR,\N,\N,GUEST,Y
2005,8,GT,CHA,109,51,SEASON,REGULAR,\N,\N,GUEST,Y
2005,8,TIZ,COL,63,49,SEASON,REGULAR,\N,\N,GUEST,Y
2005,8,SAL,GAN,79,22,SEASON,REGULAR,\N,\N,GUEST,Y
2005,8,GUE,PUM,7,30,SEASON,REGULAR,\N,\N,HOME,Y
2005,9,PIR,CHA,82,55,SEASON,REGULAR,\N,\N,GUEST,Y
2005,9,GT,SAL,81,42,SEASON,REGULAR,\N,\N,GUEST,Y
2005,9,TIZ,GUE,91,30,SEASON,REGULAR,\N,\N,GUEST,Y
2005,9,PUM,COL,30,40,SEASON,REGULAR,\N,\N,HOME,Y
2005,9,CA,GAN,59,94,SEASON,REGULAR,\N,\N,HOME,Y
2005,10,GT,PIR,54,67,SEASON,REGULAR,\N,\N,HOME,Y
2005,10,TIZ,SAL,65,65,SEASON,BENCH,1,0,GUEST,Y
2005,10,GAN,PUM,86,80,SEASON,REGULAR,\N,\N,GUEST,Y
2005,10,CHA,GUE,68,50,SEASON,REGULAR,\N,\N,GUEST,Y
2005,10,CA,COL,87,40,SEASON,REGULAR,\N,\N,GUEST,Y
2005,11,PIR,TIZ,94,56,SEASON,REGULAR,\N,\N,GUEST,Y
2005,11,SAL,PUM,95,32,SEASON,REGULAR,\N,\N,GUEST,Y
2005,11,GUE,GT,36,93,SEASON,REGULAR,\N,\N,HOME,Y
2005,11,COL,GAN,63,99,SEASON,REGULAR,\N,\N,HOME,Y
2005,11,CHA,CA,94,81,SEASON,REGULAR,\N,\N,GUEST,Y
2005,12,GT,TIZ,99,137,SEASON,REGULAR,\N,\N,HOME,Y
2005,12,SAL,PIR,89,56,SEASON,REGULAR,\N,\N,GUEST,Y
2005,12,GUE,COL,57,58,SEASON,REGULAR,\N,\N,HOME,Y
2005,12,GAN,CA,70,39,SEASON,REGULAR,\N,\N,GUEST,Y
2005,12,PUM,CHA,58,66,SEASON,REGULAR,\N,\N,HOME,Y
2005,13,SAL,GT,71,69,SEASON,REGULAR,\N,\N,GUEST,Y
2005,13,GUE,PIR,45,43,SEASON,REGULAR,\N,\N,GUEST,Y
2005,13,COL,PUM,43,90,SEASON,REGULAR,\N,\N,HOME,Y
2005,13,CHA,GAN,73,96,SEASON,REGULAR,\N,\N,HOME,Y
2005,13,CA,TIZ,72,61,SEASON,REGULAR,\N,\N,GUEST,Y
2005,14,PIR,COL,79,59,ROUND1,REGULAR,\N,\N,GUEST,Y
2005,14,PUM,TIZ,50,90,ROUND1,REGULAR,\N,\N,HOME,Y
2005,15,PIR,SAL,62,58,ROUND2,REGULAR,\N,\N,GUEST,Y
2005,15,TIZ,GAN,109,112,ROUND2,REGULAR,\N,\N,HOME,Y
2005,16,PIR,GAN,103,90,NOPAL_BOWL,REGULAR,\N,\N,GUEST,Y
2006,1,GT,PIR,41,47,SEASON,REGULAR,\N,\N,HOME,Y
2006,1,CHA,GAN,42,52,SEASON,REGULAR,\N,\N,HOME,Y
2006,1,TIZ,CA,43,55,SEASON,REGULAR,\N,\N,HOME,Y
2006,1,COL,SAL,51,42,SEASON,REGULAR,\N,\N,GUEST,Y
2006,1,FLO,GUE,34,41,SEASON,REGULAR,\N,\N,HOME,Y
2006,2,GAN,PIR,38,65,SEASON,REGULAR,\N,\N,HOME,Y
2006,2,CA,GT,43,44,SEASON,REGULAR,\N,\N,HOME,Y
2006,2,SAL,CHA,55,49,SEASON,REGULAR,\N,\N,GUEST,Y
2006,2,FLO,TIZ,45,57,SEASON,REGULAR,\N,\N,HOME,Y
2006,2,GUE,COL,31,56,SEASON,REGULAR,\N,\N,HOME,Y
2006,3,COL,GT,49,28,SEASON,REGULAR,\N,\N,GUEST,Y
2006,3,CA,GAN,43,41,SEASON,REGULAR,\N,\N,GUEST,Y
2006,3,PIR,CHA,50,50,SEASON,BENCH,0,1,HOME,Y
2006,3,TIZ,GUE,46,29,SEASON,REGULAR,\N,\N,GUEST,Y
2006,3,SAL,FLO,47,52,SEASON,REGULAR,\N,\N,HOME,Y
2006,4,GT,CHA,24,35,SEASON,REGULAR,\N,\N,HOME,Y
2006,4,PIR,CA,40,62,SEASON,REGULAR,\N,\N,HOME,Y
2006,4,TIZ,SAL,57,45,SEASON,REGULAR,\N,\N,GUEST,Y
2006,4,FLO,COL,50,42,SEASON,REGULAR,\N,\N,GUEST,Y
2006,4,GAN,GUE,27,44,SEASON,REGULAR,\N,\N,HOME,Y
2006,5,GT,GAN,37,22,SEASON,REGULAR,\N,\N,GUEST,Y
2006,5,CHA,CA,40,47,SEASON,REGULAR,\N,\N,HOME,Y
2006,5,COL,TIZ,34,64,SEASON,REGULAR,\N,\N,HOME,Y
2006,5,GUE,SAL,26,41,SEASON,REGULAR,\N,\N,HOME,Y
2006,5,PIR,FLO,40,34,SEASON,REGULAR,\N,\N,GUEST,Y
2006,6,PIR,GT,50,38,SEASON,REGULAR,\N,\N,GUEST,Y
2006,6,TIZ,CHA,35,58,SEASON,REGULAR,\N,\N,HOME,Y
2006,6,GAN,CA,29,48,SEASON,REGULAR,\N,\N,HOME,Y
2006,6,FLO,SAL,68,33,SEASON,REGULAR,\N,\N,GUEST,Y
2006,6,COL,GUE,46,62,SEASON,REGULAR,\N,\N,HOME,Y
2006,7,PIR,GAN,31,39,SEASON,REGULAR,\N,\N,HOME,Y
2006,7,GT,CA,9,70,SEASON,REGULAR,\N,\N,HOME,Y
2006,7,SAL,TIZ,72,59,SEASON,REGULAR,\N,\N,GUEST,Y
2006,7,CHA,GUE,55,17,SEASON,REGULAR,\N,\N,GUEST,Y
2006,7,COL,FLO,32,41,SEASON,REGULAR,\N,\N,HOME,Y
2006,8,CA,PIR,57,75,SEASON,REGULAR,\N,\N,HOME,Y
2006,8,SAL,GT,64,34,SEASON,REGULAR,\N,\N,GUEST,Y
2006,8,GAN,CHA,40,53,SEASON,REGULAR,\N,\N,HOME,Y
2006,8,TIZ,COL,46,35,SEASON,REGULAR,\N,\N,GUEST,Y
2006,8,GUE,FLO,22,43,SEASON,REGULAR,\N,\N,HOME,Y
2006,9,CHA,PIR,65,38,SEASON,REGULAR,\N,\N,GUEST,Y
2006,9,GAN,GT,23,29,SEASON,REGULAR,\N,\N,HOME,Y
2006,9,FLO,CA,65,44,SEASON,REGULAR,\N,\N,GUEST,Y
2006,9,GUE,TIZ,5,15,SEASON,REGULAR,\N,\N,HOME,Y
2006,9,SAL,COL,73,47,SEASON,REGULAR,\N,\N,GUEST,Y
2006,10,CA,CHA,67,53,SEASON,REGULAR,\N,\N,GUEST,Y
2006,10,GAN,SAL,50,53,SEASON,REGULAR,\N,\N,HOME,Y
2006,10,PIR,COL,50,52,SEASON,REGULAR,\N,\N,HOME,Y
2006,10,GT,GUE,41,17,SEASON,REGULAR,\N,\N,GUEST,Y
2006,10,TIZ,FLO,30,47,SEASON,REGULAR,\N,\N,HOME,Y
2006,11,CHA,GT,54,54,SEASON,BENCH,0,1,HOME,Y
2006,11,FLO,GAN,24,42,SEASON,REGULAR,\N,\N,HOME,Y
2006,11,PIR,TIZ,53,27,SEASON,REGULAR,\N,\N,GUEST,Y
2006,11,CA,COL,47,44,SEASON,REGULAR,\N,\N,GUEST,Y
2006,11,SAL,GUE,49,30,SEASON,REGULAR,\N,\N,GUEST,Y
2006,12,GUE,PIR,32,59,SEASON,REGULAR,\N,\N,HOME,Y
2006,12,TIZ,GAN,35,34,SEASON,REGULAR,\N,\N,GUEST,Y
2006,12,COL,CHA,26,55,SEASON,REGULAR,\N,\N,HOME,Y
2006,12,CA,SAL,53,40,SEASON,REGULAR,\N,\N,GUEST,Y
2006,12,GT,FLO,37,46,SEASON,REGULAR,\N,\N,HOME,Y
2006,13,SAL,PIR,52,47,SEASON,REGULAR,\N,\N,GUEST,Y
2006,13,GUE,CA,66,60,SEASON,REGULAR,\N,\N,GUEST,Y
2006,13,GT,TIZ,24,36,SEASON,REGULAR,\N,\N,HOME,Y
2006,13,GAN,COL,19,41,SEASON,REGULAR,\N,\N,HOME,Y
2006,13,CHA,FLO,54,53,SEASON,REGULAR,\N,\N,GUEST,Y
2006,14,CHA,SAL,57,36,ROUND1,REGULAR,\N,\N,GUEST,Y
2006,14,PIR,TIZ,51,36,ROUND1,REGULAR,\N,\N,GUEST,Y
2006,15,CHA,CA,34,39,ROUND2,REGULAR,\N,\N,HOME,Y
2006,15,PIR,FLO,46,32,ROUND2,REGULAR,\N,\N,GUEST,Y
2006,16,PIR,CA,40,32,NOPAL_BOWL,REGULAR,\N,\N,GUEST,Y
2007,1,GT,PIR,38,25,SEASON,REGULAR,\N,\N,GUEST,Y
2007,1,GAN,SAL,46,80,SEASON,REGULAR,\N,\N,HOME,Y
2007,1,GUE,CHA,31,63,SEASON,REGULAR,\N,\N,HOME,Y
2007,1,COL,TIZ,45,37,SEASON,REGULAR,\N,\N,GUEST,Y
2007,1,FLO,CA,51,41,SEASON,REGULAR,\N,\N,GUEST,Y
2007,1,RH,RUD,67,31,SEASON,REGULAR,\N,\N,GUEST,Y
2007,2,SAL,PIR,51,54,SEASON,REGULAR,\N,\N,HOME,Y
2007,2,CHA,GT,47,64,SEASON,REGULAR,\N,\N,HOME,Y
2007,2,GUE,GAN,49,49,SEASON,BENCH,1,0,GUEST,Y
2007,2,CA,TIZ,52,48,SEASON,REGULAR,\N,\N,GUEST,Y
2007,2,RUD,COL,36,63,SEASON,REGULAR,\N,\N,HOME,Y
2007,2,RH,FLO,55,43,SEASON,REGULAR,\N,\N,GUEST,Y
2007,3,PIR,GAN,47,57,SEASON,REGULAR,\N,\N,HOME,Y
2007,3,CHA,SAL,23,69,SEASON,REGULAR,\N,\N,HOME,Y
2007,3,GUE,GT,59,44,SEASON,REGULAR,\N,\N,GUEST,Y
2007,3,FLO,TIZ,28,49,SEASON,REGULAR,\N,\N,HOME,Y
2007,3,RUD,CA,30,63,SEASON,REGULAR,\N,\N,HOME,Y
2007,3,RH,COL,40,68,SEASON,REGULAR,\N,\N,HOME,Y
2007,4,PIR,CHA,39,25,SEASON,REGULAR,\N,\N,GUEST,Y
2007,4,GAN,GT,44,33,SEASON,REGULAR,\N,\N,GUEST,Y
2007,4,GUE,SAL,23,42,SEASON,REGULAR,\N,\N,HOME,Y
2007,4,RUD,TIZ,15,32,SEASON,REGULAR,\N,\N,HOME,Y
2007,4,FLO,COL,33,46,SEASON,REGULAR,\N,\N,HOME,Y
2007,4,RH,CA,46,23,SEASON,REGULAR,\N,\N,GUEST,Y
2007,5,GUE,PIR,15,27,SEASON,REGULAR,\N,\N,HOME,Y
2007,5,CHA,GAN,36,23,SEASON,REGULAR,\N,\N,GUEST,Y
2007,5,SAL,GT,44,24,SEASON,REGULAR,\N,\N,GUEST,Y
2007,5,RH,TIZ,52,33,SEASON,REGULAR,\N,\N,GUEST,Y
2007,5,RUD,FLO,18,38,SEASON,REGULAR,\N,\N,HOME,Y
2007,5,CA,COL,40,48,SEASON,REGULAR,\N,\N,HOME,Y
2007,6,TIZ,PIR,20,73,SEASON,REGULAR,\N,\N,HOME,Y
2007,6,COL,GT,47,45,SEASON,REGULAR,\N,\N,GUEST,Y
2007,6,CA,SAL,48,46,SEASON,REGULAR,\N,\N,GUEST,Y
2007,6,FLO,GAN,18,65,SEASON,REGULAR,\N,\N,HOME,Y
2007,6,RUD,CHA,29,43,SEASON,REGULAR,\N,\N,HOME,Y
2007,6,RH,GUE,37,23,SEASON,REGULAR,\N,\N,GUEST,Y
2007,7,PIR,RH,49,42,SEASON,REGULAR,\N,\N,GUEST,Y
2007,7,GT,TIZ,17,32,SEASON,REGULAR,\N,\N,HOME,Y
2007,7,SAL,COL,33,57,SEASON,REGULAR,\N,\N,HOME,Y
2007,7,GAN,CA,42,35,SEASON,REGULAR,\N,\N,GUEST,Y
2007,7,CHA,FLO,41,33,SEASON,REGULAR,\N,\N,GUEST,Y
2007,7,GUE,RUD,25,24,SEASON,REGULAR,\N,\N,GUEST,Y
2007,8,RUD,PIR,10,26,SEASON,REGULAR,\N,\N,HOME,Y
2007,8,RH,GT,46,29,SEASON,REGULAR,\N,\N,GUEST,Y
2007,8,TIZ,SAL,34,41,SEASON,REGULAR,\N,\N,HOME,Y
2007,8,COL,GAN,54,56,SEASON,REGULAR,\N,\N,HOME,Y
2007,8,CA,CHA,38,37,SEASON,REGULAR,\N,\N,GUEST,Y
2007,8,FLO,GUE,35,21,SEASON,REGULAR,\N,\N,GUEST,Y
2007,9,PIR,FLO,63,35,SEASON,REGULAR,\N,\N,GUEST,Y
2007,9,GT,RUD,31,36,SEASON,REGULAR,\N,\N,HOME,Y
2007,9,SAL,RH,35,46,SEASON,REGULAR,\N,\N,HOME,Y
2007,9,GAN,TIZ,69,40,SEASON,REGULAR,\N,\N,GUEST,Y
2007,9,CHA,COL,18,46,SEASON,REGULAR,\N,\N,HOME,Y
2007,9,GUE,CA,37,28,SEASON,REGULAR,\N,\N,GUEST,Y
2007,10,PIR,GT,24,39,SEASON,REGULAR,\N,\N,HOME,Y
2007,10,SAL,GAN,19,42,SEASON,REGULAR,\N,\N,HOME,Y
2007,10,CHA,GUE,38,40,SEASON,REGULAR,\N,\N,HOME,Y
2007,10,TIZ,COL,26,22,SEASON,REGULAR,\N,\N,GUEST,Y
2007,10,CA,FLO,62,41,SEASON,REGULAR,\N,\N,GUEST,Y
2007,10,RUD,RH,23,56,SEASON,REGULAR,\N,\N,HOME,Y
2007,11,PIR,SAL,44,42,SEASON,REGULAR,\N,\N,GUEST,Y
2007,11,GT,CHA,23,38,SEASON,REGULAR,\N,\N,HOME,Y
2007,11,GAN,GUE,39,53,SEASON,REGULAR,\N,\N,HOME,Y
2007,11,TIZ,CA,54,29,SEASON,REGULAR,\N,\N,GUEST,Y
2007,11,COL,RUD,65,37,SEASON,REGULAR,\N,\N,GUEST,Y
2007,11,FLO,RH,22,53,SEASON,REGULAR,\N,\N,HOME,Y
2007,12,GAN,PIR,47,49,SEASON,REGULAR,\N,\N,HOME,Y
2007,12,SAL,CHA,66,25,SEASON,REGULAR,\N,\N,GUEST,Y
2007,12,GT,GUE,29,44,SEASON,REGULAR,\N,\N,HOME,Y
2007,12,TIZ,FLO,35,55,SEASON,REGULAR,\N,\N,HOME,Y
2007,12,CA,RUD,25,23,SEASON,REGULAR,\N,\N,GUEST,Y
2007,12,COL,RH,43,49,SEASON,REGULAR,\N,\N,HOME,Y
2007,13,CHA,PIR,48,30,SEASON,REGULAR,\N,\N,GUEST,Y
2007,13,GT,GAN,32,41,SEASON,REGULAR,\N,\N,HOME,Y
2007,13,SAL,GUE,44,45,SEASON,REGULAR,\N,\N,HOME,Y
2007,13,TIZ,RUD,29,23,SEASON,REGULAR,\N,\N,GUEST,Y
2007,13,COL,FLO,29,44,SEASON,REGULAR,\N,\N,HOME,Y
2007,13,CA,RH,28,67,SEASON,REGULAR,\N,\N,HOME,Y
2007,14,PIR,GUE,29,18,SEASON,REGULAR,\N,\N,GUEST,Y
2007,14,GAN,CHA,50,39,SEASON,REGULAR,\N,\N,GUEST,Y
2007,14,GT,SAL,24,80,SEASON,REGULAR,\N,\N,HOME,Y
2007,14,TIZ,RH,50,40,SEASON,REGULAR,\N,\N,GUEST,Y
2007,14,FLO,RUD,50,15,SEASON,REGULAR,\N,\N,GUEST,Y
2007,14,COL,CA,49,30,SEASON,REGULAR,\N,\N,GUEST,Y
2007,15,CA,RH,38,42,ROUND1,REGULAR,\N,\N,HOME,Y
2007,15,GUE,GAN,39,44,ROUND1,REGULAR,\N,\N,HOME,Y
2007,15,SAL,COL,43,29,ROUND1,REGULAR,\N,\N,GUEST,Y
2007,15,TIZ,PIR,19,37,ROUND1,REGULAR,\N,\N,HOME,Y
2007,16,GAN,RH,52,42,ROUND2,REGULAR,\N,\N,GUEST,Y
2007,16,SAL,PIR,32,32,ROUND2,BENCH,0,1,HOME,Y
2007,17,GAN,PIR,41,48,NOPAL_BOWL,REGULAR,\N,\N,HOME,Y
2008,1,GT,PIR,18,25,SEASON,REGULAR,\N,\N,HOME,Y
2008,1,GAN,SAL,61,42,SEASON,REGULAR,\N,\N,GUEST,Y
2008,1,GUE,CHA,25,52,SEASON,REGULAR,\N,\N,HOME,Y
2008,1,COL,TIZ,45,49,SEASON,REGULAR,\N,\N,HOME,Y
2008,1,CHR,CA,59,30,SEASON,REGULAR,\N,\N,GUEST,Y
2008,1,RH,RUD,45,32,SEASON,REGULAR,\N,\N,GUEST,Y
2008,2,SAL,PIR,59,46,SEASON,REGULAR,\N,\N,GUEST,Y
2008,2,GUE,GT,39,42,SEASON,REGULAR,\N,\N,HOME,Y
2008,2,CHA,GAN,60,41,SEASON,REGULAR,\N,\N,GUEST,Y
2008,2,RH,COL,49,30,SEASON,REGULAR,\N,\N,GUEST,Y
2008,2,TIZ,CA,56,24,SEASON,REGULAR,\N,\N,GUEST,Y
2008,2,RUD,CHR,39,42,SEASON,REGULAR,\N,\N,HOME,Y
2008,3,CHA,GT,41,39,SEASON,REGULAR,\N,\N,GUEST,Y
2008,3,PIR,GAN,29,55,SEASON,REGULAR,\N,\N,HOME,Y
2008,3,SAL,GUE,53,51,SEASON,REGULAR,\N,\N,GUEST,Y
2008,3,CHR,TIZ,26,54,SEASON,REGULAR,\N,\N,HOME,Y
2008,3,COL,RUD,36,48,SEASON,REGULAR,\N,\N,HOME,Y
2008,3,CA,RH,23,37,SEASON,REGULAR,\N,\N,HOME,Y
2008,4,GT,SAL,29,69,SEASON,REGULAR,\N,\N,HOME,Y
2008,4,PIR,CHA,55,58,SEASON,REGULAR,\N,\N,HOME,Y
2008,4,GAN,GUE,16,29,SEASON,REGULAR,\N,\N,HOME,Y
2008,4,CA,COL,36,43,SEASON,REGULAR,\N,\N,HOME,Y
2008,4,RH,CHR,41,37,SEASON,REGULAR,\N,\N,GUEST,Y
2008,4,TIZ,RUD,54,40,SEASON,REGULAR,\N,\N,GUEST,Y
2008,5,GUE,PIR,15,45,SEASON,REGULAR,\N,\N,HOME,Y
2008,5,GAN,GT,41,49,SEASON,REGULAR,\N,\N,HOME,Y
2008,5,SAL,CHA,24,44,SEASON,REGULAR,\N,\N,HOME,Y
2008,5,CHR,COL,36,33,SEASON,REGULAR,\N,\N,GUEST,Y
2008,5,RUD,CA,38,33,SEASON,REGULAR,\N,\N,GUEST,Y
2008,5,TIZ,RH,26,46,SEASON,REGULAR,\N,\N,HOME,Y
2008,6,TIZ,PIR,38,36,SEASON,REGULAR,\N,\N,GUEST,Y
2008,6,COL,GT,28,32,SEASON,REGULAR,\N,\N,HOME,Y
2008,6,CA,SAL,72,36,SEASON,REGULAR,\N,\N,GUEST,Y
2008,6,CHR,GAN,61,32,SEASON,REGULAR,\N,\N,GUEST,Y
2008,6,RH,GUE,36,29,SEASON,REGULAR,\N,\N,GUEST,Y
2008,6,CHA,RUD,37,48,SEASON,REGULAR,\N,\N,HOME,Y
2008,7,GUE,TIZ,36,31,SEASON,REGULAR,\N,\N,GUEST,Y
2008,7,PIR,COL,41,29,SEASON,REGULAR,\N,\N,GUEST,Y
2008,7,GT,CA,36,38,SEASON,REGULAR,\N,\N,HOME,Y
2008,7,SAL,CHR,51,26,SEASON,REGULAR,\N,\N,GUEST,Y
2008,7,GAN,RUD,50,25,SEASON,REGULAR,\N,\N,GUEST,Y
2008,7,CHA,RH,16,19,SEASON,REGULAR,\N,\N,HOME,Y
2008,8,RUD,PIR,40,46,SEASON,REGULAR,\N,\N,HOME,Y
2008,8,RH,GT,16,19,SEASON,REGULAR,\N,\N,HOME,Y
2008,8,TIZ,SAL,39,27,SEASON,REGULAR,\N,\N,GUEST,Y
2008,8,COL,GAN,31,46,SEASON,REGULAR,\N,\N,HOME,Y
2008,8,CA,CHA,39,61,SEASON,REGULAR,\N,\N,HOME,Y
2008,8,GUE,CHR,24,35,SEASON,REGULAR,\N,\N,HOME,Y
2008,9,CHR,CHA,51,58,SEASON,REGULAR,\N,\N,HOME,Y
2008,9,RUD,GUE,42,41,SEASON,REGULAR,\N,\N,GUEST,Y
2008,9,GT,TIZ,31,14,SEASON,REGULAR,\N,\N,GUEST,Y
2008,9,SAL,COL,24,32,SEASON,REGULAR,\N,\N,HOME,Y
2008,9,GAN,CA,41,22,SEASON,REGULAR,\N,\N,GUEST,Y
2008,9,PIR,RH,50,41,SEASON,REGULAR,\N,\N,GUEST,Y
2008,10,PIR,GT,30,30,SEASON,BENCH,1,0,HOME,Y
2008,10,SAL,GAN,46,36,SEASON,REGULAR,\N,\N,GUEST,Y
2008,10,CHA,GUE,62,27,SEASON,REGULAR,\N,\N,GUEST,Y
2008,10,TIZ,COL,7,41,SEASON,REGULAR,\N,\N,HOME,Y
2008,10,CA,CHR,44,54,SEASON,REGULAR,\N,\N,HOME,Y
2008,10,RUD,RH,45,23,SEASON,REGULAR,\N,\N,GUEST,Y
2008,11,PIR,SAL,52,48,SEASON,REGULAR,\N,\N,GUEST,Y
2008,11,GAN,CHA,46,52,SEASON,REGULAR,\N,\N,HOME,Y
2008,11,GT,GUE,25,38,SEASON,REGULAR,\N,\N,HOME,Y
2008,11,CA,TIZ,34,41,SEASON,REGULAR,\N,\N,HOME,Y
2008,11,CHR,RUD,39,59,SEASON,REGULAR,\N,\N,HOME,Y
2008,11,COL,RH,22,32,SEASON,REGULAR,\N,\N,HOME,Y
2008,12,GAN,PIR,60,51,SEASON,REGULAR,\N,\N,GUEST,Y
2008,12,GUE,SAL,27,41,SEASON,REGULAR,\N,\N,HOME,Y
2008,12,GT,CHA,15,63,SEASON,REGULAR,\N,\N,HOME,Y
2008,12,RUD,COL,39,64,SEASON,REGULAR,\N,\N,HOME,Y
2008,12,RH,CA,29,42,SEASON,REGULAR,\N,\N,HOME,Y
2008,12,TIZ,CHR,30,26,SEASON,REGULAR,\N,\N,GUEST,Y
2008,13,CHA,PIR,74,56,SEASON,REGULAR,\N,\N,GUEST,Y
2008,13,SAL,GT,44,39,SEASON,REGULAR,\N,\N,GUEST,Y
2008,13,GUE,GAN,23,32,SEASON,REGULAR,\N,\N,HOME,Y
2008,13,RUD,TIZ,50,24,SEASON,REGULAR,\N,\N,GUEST,Y
2008,13,COL,CA,17,30,SEASON,REGULAR,\N,\N,HOME,Y
2008,13,CHR,RH,51,23,SEASON,REGULAR,\N,\N,GUEST,Y
2008,14,CHA,SAL,60,43,SEASON,REGULAR,\N,\N,GUEST,Y
2008,14,GT,GAN,38,43,SEASON,REGULAR,\N,\N,HOME,Y
2008,14,PIR,GUE,54,41,SEASON,REGULAR,\N,\N,GUEST,Y
2008,14,RH,TIZ,36,20,SEASON,REGULAR,\N,\N,GUEST,Y
2008,14,COL,CHR,29,55,SEASON,REGULAR,\N,\N,HOME,Y
2008,14,CA,RUD,29,53,SEASON,REGULAR,\N,\N,HOME,Y
2008,15,SAL,CHA,35,32,ROUND1,REGULAR,\N,\N,GUEST,Y
2008,15,TIZ,CHR,33,49,ROUND1,REGULAR,\N,\N,HOME,Y
2008,15,PIR,RUD,33,45,ROUND1,REGULAR,\N,\N,HOME,Y
2008,15,GAN,RH,51,25,ROUND1,REGULAR,\N,\N,GUEST,Y
2008,16,CHR,CHA,20,61,ROUND2,REGULAR,\N,\N,HOME,Y
2008,16,GAN,RUD,40,36,ROUND2,REGULAR,\N,\N,GUEST,Y
2008,17,GAN,CHA,38,57,NOPAL_BOWL,REGULAR,\N,\N,HOME,Y
2009,1,PIR,GT,58,44,SEASON,REGULAR,\N,\N,GUEST,Y
2009,1,GAN,CHA,67,42,SEASON,REGULAR,\N,\N,GUEST,Y
2009,1,SAL,CA,40,58,SEASON,REGULAR,\N,\N,HOME,Y
2009,1,CHR,RUD,36,58,SEASON,REGULAR,\N,\N,HOME,Y
2009,1,TIZ,COL,26,44,SEASON,REGULAR,\N,\N,HOME,Y
2009,1,GUE,TRO,62,36,SEASON,REGULAR,\N,\N,GUEST,Y
2009,2,GUE,COL,36,44,SEASON,REGULAR,\N,\N,HOME,Y
2009,2,TRO,TIZ,52,50,SEASON,REGULAR,\N,\N,GUEST,Y
2009,2,GAN,SAL,27,32,SEASON,REGULAR,\N,\N,HOME,Y
2009,2,CHA,CA,61,44,SEASON,REGULAR,\N,\N,GUEST,Y
2009,2,PIR,CHR,32,72,SEASON,REGULAR,\N,\N,HOME,Y
2009,2,GT,RUD,58,37,SEASON,REGULAR,\N,\N,GUEST,Y
2009,3,COL,TIZ,22,30,SEASON,REGULAR,\N,\N,HOME,Y
2009,3,TRO,GUE,55,48,SEASON,REGULAR,\N,\N,GUEST,Y
2009,3,PIR,SAL,26,60,SEASON,REGULAR,\N,\N,HOME,Y
2009,3,GT,CA,49,44,SEASON,REGULAR,\N,\N,GUEST,Y
2009,3,GAN,CHR,20,50,SEASON,REGULAR,\N,\N,HOME,Y
2009,3,CHA,RUD,58,43,SEASON,REGULAR,\N,\N,GUEST,Y
2009,4,GT,PIR,56,51,SEASON,REGULAR,\N,\N,GUEST,Y
2009,4,CHA,GAN,39,18,SEASON,REGULAR,\N,\N,GUEST,Y
2009,4,SAL,TIZ,49,48,SEASON,REGULAR,\N,\N,GUEST,Y
2009,4,CA,COL,38,14,SEASON,REGULAR,\N,\N,GUEST,Y
2009,4,CHR,GUE,34,32,SEASON,REGULAR,\N,\N,GUEST,Y
2009,4,RUD,TRO,46,39,SEASON,REGULAR,\N,\N,GUEST,Y
2009,5,CA,SAL,33,16,SEASON,REGULAR,\N,\N,GUEST,Y
2009,5,RUD,CHR,41,41,SEASON,BENCH,0,1,HOME,Y
2009,5,PIR,TIZ,37,21,SEASON,REGULAR,\N,\N,GUEST,Y
2009,5,GT,COL,56,65,SEASON,REGULAR,\N,\N,HOME,Y
2009,5,GAN,GUE,49,34,SEASON,REGULAR,\N,\N,GUEST,Y
2009,5,CHA,TRO,54,51,SEASON,REGULAR,\N,\N,GUEST,Y
2009,6,CHA,PIR,45,52,SEASON,REGULAR,\N,\N,HOME,Y
2009,6,GAN,GT,42,18,SEASON,REGULAR,\N,\N,GUEST,Y
2009,6,CHR,TIZ,74,39,SEASON,REGULAR,\N,\N,GUEST,Y
2009,6,RUD,COL,89,55,SEASON,REGULAR,\N,\N,GUEST,Y
2009,6,SAL,GUE,44,46,SEASON,REGULAR,\N,\N,HOME,Y
2009,6,CA,TRO,38,40,SEASON,REGULAR,\N,\N,HOME,Y
2009,7,SAL,CHA,35,63,SEASON,REGULAR,\N,\N,HOME,Y
2009,7,CHR,GT,56,25,SEASON,REGULAR,\N,\N,GUEST,Y
2009,7,TIZ,RUD,37,51,SEASON,REGULAR,\N,\N,HOME,Y
2009,7,COL,PIR,37,57,SEASON,REGULAR,\N,\N,HOME,Y
2009,7,GUE,CA,41,50,SEASON,REGULAR,\N,\N,HOME,Y
2009,7,TRO,GAN,47,43,SEASON,REGULAR,\N,\N,GUEST,Y
2009,8,PIR,GAN,31,43,SEASON,REGULAR,\N,\N,HOME,Y
2009,8,CHA,GT,36,21,SEASON,REGULAR,\N,\N,GUEST,Y
2009,8,TIZ,CA,29,64,SEASON,REGULAR,\N,\N,HOME,Y
2009,8,COL,CHR,35,38,SEASON,REGULAR,\N,\N,HOME,Y
2009,8,GUE,RUD,57,28,SEASON,REGULAR,\N,\N,GUEST,Y
2009,8,TRO,SAL,53,63,SEASON,REGULAR,\N,\N,HOME,Y
2009,9,SAL,CHR,50,50,SEASON,BENCH,1,0,GUEST,Y
2009,9,RUD,CA,57,43,SEASON,REGULAR,\N,\N,GUEST,Y
2009,9,TIZ,GT,26,43,SEASON,REGULAR,\N,\N,HOME,Y
2009,9,COL,GAN,31,43,SEASON,REGULAR,\N,\N,HOME,Y
2009,9,GUE,CHA,42,53,SEASON,REGULAR,\N,\N,HOME,Y
2009,9,TRO,PIR,56,46,SEASON,REGULAR,\N,\N,GUEST,Y
2009,10,TIZ,GUE,36,54,SEASON,REGULAR,\N,\N,HOME,Y
2009,10,TRO,COL,37,38,SEASON,REGULAR,\N,\N,HOME,Y
2009,10,SAL,GT,61,50,SEASON,REGULAR,\N,\N,GUEST,Y
2009,10,CA,GAN,37,52,SEASON,REGULAR,\N,\N,HOME,Y
2009,10,CHR,CHA,33,39,SEASON,REGULAR,\N,\N,HOME,Y
2009,10,RUD,PIR,57,34,SEASON,REGULAR,\N,\N,GUEST,Y
2009,11,CA,PIR,43,50,SEASON,REGULAR,\N,\N,HOME,Y
2009,11,RUD,GAN,45,45,SEASON,BENCH,0,1,HOME,Y
2009,11,TIZ,CHA,34,42,SEASON,REGULAR,\N,\N,HOME,Y
2009,11,COL,SAL,35,50,SEASON,REGULAR,\N,\N,HOME,Y
2009,11,GUE,GT,30,45,SEASON,REGULAR,\N,\N,HOME,Y
2009,11,TRO,CHR,45,53,SEASON,REGULAR,\N,\N,HOME,Y
2009,12,PIR,CHA,67,24,SEASON,REGULAR,\N,\N,GUEST,Y
2009,12,GT,GAN,44,40,SEASON,REGULAR,\N,\N,GUEST,Y
2009,12,SAL,RUD,52,44,SEASON,REGULAR,\N,\N,GUEST,Y
2009,12,CA,CHR,41,62,SEASON,REGULAR,\N,\N,HOME,Y
2009,12,TIZ,TRO,30,54,SEASON,REGULAR,\N,\N,HOME,Y
2009,12,COL,GUE,11,37,SEASON,REGULAR,\N,\N,HOME,Y
2009,13,RUD,SAL,43,45,SEASON,REGULAR,\N,\N,HOME,Y
2009,13,CHR,CA,36,59,SEASON,REGULAR,\N,\N,HOME,Y
2009,13,GAN,TIZ,59,34,SEASON,REGULAR,\N,\N,GUEST,Y
2009,13,CHA,COL,41,23,SEASON,REGULAR,\N,\N,GUEST,Y
2009,13,PIR,GUE,48,45,SEASON,REGULAR,\N,\N,GUEST,Y
2009,13,GT,TRO,39,45,SEASON,REGULAR,\N,\N,HOME,Y
2009,14,GAN,PIR,60,52,SEASON,REGULAR,\N,\N,GUEST,Y
2009,14,GT,CHA,46,60,SEASON,REGULAR,\N,\N,HOME,Y
2009,14,CHR,SAL,56,36,SEASON,REGULAR,\N,\N,GUEST,Y
2009,14,CA,RUD,41,38,SEASON,REGULAR,\N,\N,GUEST,Y
2009,14,GUE,TIZ,44,26,SEASON,REGULAR,\N,\N,GUEST,Y
2009,14,COL,TRO,8,50,SEASON,REGULAR,\N,\N,HOME,Y
2009,15,GUE,CHA,39,58,ROUND1,REGULAR,\N,\N,HOME,Y
2009,15,SAL,GAN,57,50,ROUND1,REGULAR,\N,\N,GUEST,Y
2009,15,CA,TRO,61,47,ROUND1,REGULAR,\N,\N,GUEST,Y
2009,15,PIR,CHR,60,41,ROUND1,REGULAR,\N,\N,GUEST,Y
2009,16,SAL,CHA,37,49,ROUND2,REGULAR,\N,\N,HOME,Y
2009,16,PIR,CA,44,47,ROUND2,REGULAR,\N,\N,HOME,Y
2009,17,CA,CHA,38,23,NOPAL_BOWL,REGULAR,\N,\N,GUEST,Y
2010,1,PIR,GT,64,60,SEASON,REGULAR,\N,\N,GUEST,Y
2010,1,GAN,CHA,25,32,SEASON,REGULAR,\N,\N,HOME,Y
2010,1,SAL,CA,30,43,SEASON,REGULAR,\N,\N,HOME,Y
2010,1,VIL,RUD,42,27,SEASON,REGULAR,\N,\N,GUEST,Y
2010,1,TIZ,COL,32,56,SEASON,REGULAR,\N,\N,HOME,Y
2010,1,GUE,TRO,45,32,SEASON,REGULAR,\N,\N,GUEST,Y
2010,2,GUE,COL,59,38,SEASON,REGULAR,\N,\N,GUEST,Y
2010,2,TRO,TIZ,45,60,SEASON,REGULAR,\N,\N,HOME,Y
2010,2,GAN,SAL,47,52,SEASON,REGULAR,\N,\N,HOME,Y
2010,2,CHA,CA,37,50,SEASON,REGULAR,\N,\N,HOME,Y
2010,2,PIR,VIL,29,54,SEASON,REGULAR,\N,\N,HOME,Y
2010,2,GT,RUD,44,48,SEASON,REGULAR,\N,\N,HOME,Y
2010,3,COL,TIZ,72,58,SEASON,REGULAR,\N,\N,GUEST,Y
2010,3,TRO,GUE,37,54,SEASON,REGULAR,\N,\N,HOME,Y
2010,3,PIR,SAL,45,37,SEASON,REGULAR,\N,\N,GUEST,Y
2010,3,GT,CA,26,50,SEASON,REGULAR,\N,\N,HOME,Y
2010,3,GAN,VIL,25,45,SEASON,REGULAR,\N,\N,HOME,Y
2010,3,CHA,RUD,59,66,SEASON,REGULAR,\N,\N,HOME,Y
2010,4,GT,PIR,36,17,SEASON,REGULAR,\N,\N,GUEST,Y
2010,4,CHA,GAN,25,60,SEASON,REGULAR,\N,\N,HOME,Y
2010,4,SAL,TIZ,33,58,SEASON,REGULAR,\N,\N,HOME,Y
2010,4,CA,COL,11,39,SEASON,REGULAR,\N,\N,HOME,Y
2010,4,VIL,GUE,26,33,SEASON,REGULAR,\N,\N,HOME,Y
2010,4,RUD,TRO,28,51,SEASON,REGULAR,\N,\N,HOME,Y
2010,5,CA,SAL,24,26,SEASON,REGULAR,\N,\N,HOME,Y
2010,5,RUD,VIL,38,75,SEASON,REGULAR,\N,\N,HOME,Y
2010,5,PIR,TIZ,41,43,SEASON,REGULAR,\N,\N,HOME,Y
2010,5,GT,COL,25,37,SEASON,REGULAR,\N,\N,HOME,Y
2010,5,GAN,GUE,39,61,SEASON,REGULAR,\N,\N,HOME,Y
2010,5,CHA,TRO,42,33,SEASON,REGULAR,\N,\N,GUEST,Y
2010,6,CHA,PIR,43,33,SEASON,REGULAR,\N,\N,GUEST,Y
2010,6,GAN,GT,45,49,SEASON,REGULAR,\N,\N,HOME,Y
2010,6,VIL,TIZ,39,45,SEASON,REGULAR,\N,\N,HOME,Y
2010,6,RUD,COL,49,52,SEASON,REGULAR,\N,\N,HOME,Y
2010,6,SAL,GUE,34,25,SEASON,REGULAR,\N,\N,GUEST,Y
2010,6,CA,TRO,42,55,SEASON,REGULAR,\N,\N,HOME,Y
2010,7,SAL,CHA,32,51,SEASON,REGULAR,\N,\N,HOME,Y
2010,7,VIL,GT,40,29,SEASON,REGULAR,\N,\N,GUEST,Y
2010,7,TIZ,RUD,73,55,SEASON,REGULAR,\N,\N,GUEST,Y
2010,7,COL,PIR,42,63,SEASON,REGULAR,\N,\N,HOME,Y
2010,7,GUE,CA,41,45,SEASON,REGULAR,\N,\N,HOME,Y
2010,7,TRO,GAN,57,39,SEASON,REGULAR,\N,\N,GUEST,Y
2010,8,PIR,GAN,33,23,SEASON,REGULAR,\N,\N,GUEST,Y
2010,8,CHA,GT,31,31,SEASON,TIE,1,1,TIE,Y
2010,8,TIZ,CA,60,29,SEASON,REGULAR,\N,\N,GUEST,Y
2010,8,COL,VIL,42,51,SEASON,REGULAR,\N,\N,HOME,Y
2010,8,GUE,RUD,28,33,SEASON,REGULAR,\N,\N,HOME,Y
2010,8,TRO,SAL,27,25,SEASON,REGULAR,\N,\N,GUEST,Y
2010,9,SAL,VIL,21,35,SEASON,REGULAR,\N,\N,HOME,Y
2010,9,RUD,CA,42,45,SEASON,REGULAR,\N,\N,HOME,Y
2010,9,TIZ,GT,36,33,SEASON,REGULAR,\N,\N,GUEST,Y
2010,9,COL,GAN,31,40,SEASON,REGULAR,\N,\N,HOME,Y
2010,9,GUE,CHA,56,29,SEASON,REGULAR,\N,\N,GUEST,Y
2010,9,TRO,PIR,47,42,SEASON,REGULAR,\N,\N,GUEST,Y
2010,10,TIZ,GUE,56,16,SEASON,REGULAR,\N,\N,GUEST,Y
2010,10,TRO,COL,42,63,SEASON,REGULAR,\N,\N,HOME,Y
2010,10,SAL,GT,42,41,SEASON,REGULAR,\N,\N,GUEST,Y
2010,10,CA,GAN,50,36,SEASON,REGULAR,\N,\N,GUEST,Y
2010,10,VIL,CHA,42,35,SEASON,REGULAR,\N,\N,GUEST,Y
2010,10,RUD,PIR,47,63,SEASON,REGULAR,\N,\N,HOME,Y
2010,11,CA,PIR,30,46,SEASON,REGULAR,\N,\N,HOME,Y
2010,11,RUD,GAN,43,45,SEASON,REGULAR,\N,\N,HOME,Y
2010,11,TIZ,CHA,57,25,SEASON,REGULAR,\N,\N,GUEST,Y
2010,11,COL,SAL,35,42,SEASON,REGULAR,\N,\N,HOME,Y
2010,11,GUE,GT,50,58,SEASON,REGULAR,\N,\N,HOME,Y
2010,11,TRO,VIL,73,54,SEASON,REGULAR,\N,\N,GUEST,Y
2010,12,PIR,CHA,65,30,SEASON,REGULAR,\N,\N,GUEST,Y
2010,12,GT,GAN,34,22,SEASON,REGULAR,\N,\N,GUEST,Y
2010,12,SAL,RUD,40,44,SEASON,REGULAR,\N,\N,HOME,Y
2010,12,CA,VIL,51,36,SEASON,REGULAR,\N,\N,GUEST,Y
2010,12,TIZ,TRO,45,46,SEASON,REGULAR,\N,\N,HOME,Y
2010,12,COL,GUE,48,22,SEASON,REGULAR,\N,\N,GUEST,Y
2010,13,RUD,SAL,31,61,SEASON,REGULAR,\N,\N,HOME,Y
2010,13,VIL,CA,32,44,SEASON,REGULAR,\N,\N,HOME,Y
2010,13,GAN,TIZ,49,37,SEASON,REGULAR,\N,\N,GUEST,Y
2010,13,CHA,COL,15,58,SEASON,REGULAR,\N,\N,HOME,Y
2010,13,PIR,GUE,47,23,SEASON,REGULAR,\N,\N,GUEST,Y
2010,13,GT,TRO,57,48,SEASON,REGULAR,\N,\N,GUEST,Y
2010,14,GAN,PIR,45,53,SEASON,REGULAR,\N,\N,HOME,Y
2010,14,GT,CHA,42,20,SEASON,REGULAR,\N,\N,GUEST,Y
2010,14,VIL,SAL,48,52,SEASON,REGULAR,\N,\N,HOME,Y
2010,14,CA,RUD,42,36,SEASON,REGULAR,\N,\N,GUEST,Y
2010,14,GUE,TIZ,24,71,SEASON,REGULAR,\N,\N,HOME,Y
2010,14,COL,TRO,41,36,SEASON,REGULAR,\N,\N,GUEST,Y
2010,15,GT,TIZ,33,52,ROUND1,REGULAR,\N,\N,HOME,Y
2010,15,VIL,COL,49,38,ROUND1,REGULAR,\N,\N,GUEST,Y
2010,15,SAL,PIR,44,49,ROUND1,REGULAR,\N,\N,HOME,Y
2010,15,TRO,CA,43,51,ROUND1,REGULAR,\N,\N,HOME,Y
2010,16,VIL,TIZ,39,47,ROUND2,REGULAR,\N,\N,HOME,Y
2010,16,PIR,CA,43,38,ROUND2,REGULAR,\N,\N,GUEST,Y
2010,17,PIR,TIZ,44,41,NOPAL_BOWL,REGULAR,\N,\N,GUEST,Y
2011,1,CHA,SAL,50,58,SEASON,REGULAR,\N,\N,HOME,Y
2011,1,GT,GUE,21,44,SEASON,REGULAR,\N,\N,HOME,Y
2011,1,RUD,TIZ,48,53,SEASON,REGULAR,\N,\N,HOME,Y
2011,1,PIR,COL,39,45,SEASON,REGULAR,\N,\N,HOME,Y
2011,1,CA,VIL,69,49,SEASON,REGULAR,\N,\N,GUEST,Y
2011,1,GAN,TRO,80,51,SEASON,REGULAR,\N,\N,GUEST,Y
2011,2,VIL,COL,61,47,SEASON,REGULAR,\N,\N,GUEST,Y
2011,2,TRO,TIZ,41,55,SEASON,REGULAR,\N,\N,HOME,Y
2011,2,SAL,GAN,36,69,SEASON,REGULAR,\N,\N,HOME,Y
2011,2,CA,CHA,43,39,SEASON,REGULAR,\N,\N,GUEST,Y
2011,2,GUE,PIR,68,56,SEASON,REGULAR,\N,\N,GUEST,Y
2011,2,RUD,GT,58,34,SEASON,REGULAR,\N,\N,GUEST,Y
2011,3,COL,TIZ,44,32,SEASON,REGULAR,\N,\N,GUEST,Y
2011,3,TRO,VIL,38,47,SEASON,REGULAR,\N,\N,HOME,Y
2011,3,SAL,PIR,30,61,SEASON,REGULAR,\N,\N,HOME,Y
2011,3,CA,GT,64,24,SEASON,REGULAR,\N,\N,GUEST,Y
2011,3,GUE,GAN,60,64,SEASON,REGULAR,\N,\N,HOME,Y
2011,3,RUD,CHA,42,47,SEASON,REGULAR,\N,\N,HOME,Y
2011,4,GT,PIR,41,42,SEASON,REGULAR,\N,\N,HOME,Y
2011,4,CHA,GAN,36,64,SEASON,REGULAR,\N,\N,HOME,Y
2011,4,TIZ,SAL,47,55,SEASON,REGULAR,\N,\N,HOME,Y
2011,4,COL,CA,42,77,SEASON,REGULAR,\N,\N,HOME,Y
2011,4,VIL,GUE,32,54,SEASON,REGULAR,\N,\N,HOME,Y
2011,4,TRO,RUD,40,48,SEASON,REGULAR,\N,\N,HOME,Y
2011,5,CA,SAL,38,34,SEASON,REGULAR,\N,\N,GUEST,Y
2011,5,RUD,GUE,34,48,SEASON,REGULAR,\N,\N,HOME,Y
2011,5,TIZ,PIR,26,54,SEASON,REGULAR,\N,\N,HOME,Y
2011,5,COL,GT,73,55,SEASON,REGULAR,\N,\N,GUEST,Y
2011,5,VIL,GAN,35,41,SEASON,REGULAR,\N,\N,HOME,Y
2011,5,TRO,CHA,33,18,SEASON,REGULAR,\N,\N,GUEST,Y
2011,6,CHA,PIR,39,28,SEASON,REGULAR,\N,\N,GUEST,Y
2011,6,GAN,GT,60,27,SEASON,REGULAR,\N,\N,GUEST,Y
2011,6,TIZ,GUE,28,39,SEASON,REGULAR,\N,\N,HOME,Y
2011,6,COL,RUD,32,48,SEASON,REGULAR,\N,\N,HOME,Y
2011,6,VIL,SAL,42,48,SEASON,REGULAR,\N,\N,HOME,Y
2011,6,TRO,CA,36,57,SEASON,REGULAR,\N,\N,HOME,Y
2011,7,RUD,SAL,36,40,SEASON,REGULAR,\N,\N,HOME,Y
2011,7,GUE,CA,51,44,SEASON,REGULAR,\N,\N,GUEST,Y
2011,7,TIZ,GAN,44,28,SEASON,REGULAR,\N,\N,GUEST,Y
2011,7,COL,CHA,41,36,SEASON,REGULAR,\N,\N,GUEST,Y
2011,7,VIL,PIR,21,47,SEASON,REGULAR,\N,\N,HOME,Y
2011,7,TRO,GT,43,17,SEASON,REGULAR,\N,\N,GUEST,Y
2011,8,PIR,GAN,52,47,SEASON,REGULAR,\N,\N,GUEST,Y
2011,8,CHA,GT,41,34,SEASON,REGULAR,\N,\N,GUEST,Y
2011,8,CA,TIZ,18,26,SEASON,REGULAR,\N,\N,HOME,Y
2011,8,GUE,COL,40,54,SEASON,REGULAR,\N,\N,HOME,Y
2011,8,RUD,VIL,38,50,SEASON,REGULAR,\N,\N,HOME,Y
2011,8,SAL,TRO,25,44,SEASON,REGULAR,\N,\N,HOME,Y
2011,9,SAL,GUE,30,62,SEASON,REGULAR,\N,\N,HOME,Y
2011,9,RUD,CA,35,41,SEASON,REGULAR,\N,\N,HOME,Y
2011,9,GT,TIZ,37,26,SEASON,REGULAR,\N,\N,GUEST,Y
2011,9,GAN,COL,49,48,SEASON,REGULAR,\N,\N,GUEST,Y
2011,9,CHA,VIL,38,60,SEASON,REGULAR,\N,\N,HOME,Y
2011,9,PIR,TRO,32,57,SEASON,REGULAR,\N,\N,HOME,Y
2011,10,GT,SAL,32,33,SEASON,REGULAR,\N,\N,HOME,Y
2011,10,GAN,CA,53,36,SEASON,REGULAR,\N,\N,GUEST,Y
2011,10,CHA,GUE,56,54,SEASON,REGULAR,\N,\N,GUEST,Y
2011,10,PIR,RUD,32,59,SEASON,REGULAR,\N,\N,HOME,Y
2011,10,VIL,TIZ,40,31,SEASON,REGULAR,\N,\N,GUEST,Y
2011,10,COL,TRO,29,48,SEASON,REGULAR,\N,\N,HOME,Y
2011,11,PIR,CA,37,34,SEASON,REGULAR,\N,\N,GUEST,Y
2011,11,GAN,RUD,47,45,SEASON,REGULAR,\N,\N,GUEST,Y
2011,11,CHA,TIZ,30,38,SEASON,REGULAR,\N,\N,HOME,Y
2011,11,SAL,COL,47,26,SEASON,REGULAR,\N,\N,GUEST,Y
2011,11,GT,VIL,30,59,SEASON,REGULAR,\N,\N,HOME,Y
2011,11,GUE,TRO,37,33,SEASON,REGULAR,\N,\N,GUEST,Y
2011,12,PIR,CHA,62,23,SEASON,REGULAR,\N,\N,GUEST,Y
2011,12,GT,GAN,20,50,SEASON,REGULAR,\N,\N,HOME,Y
2011,12,SAL,RUD,43,25,SEASON,REGULAR,\N,\N,GUEST,Y
2011,12,CA,GUE,44,38,SEASON,REGULAR,\N,\N,GUEST,Y
2011,12,TIZ,TRO,16,33,SEASON,REGULAR,\N,\N,HOME,Y
2011,12,COL,VIL,36,65,SEASON,REGULAR,\N,\N,HOME,Y
2011,13,TIZ,VIL,37,64,SEASON,REGULAR,\N,\N,HOME,Y
2011,13,TRO,COL,54,62,SEASON,REGULAR,\N,\N,HOME,Y
2011,13,SAL,CA,40,54,SEASON,REGULAR,\N,\N,HOME,Y
2011,13,GUE,RUD,38,25,SEASON,REGULAR,\N,\N,GUEST,Y
2011,13,PIR,GT,38,29,SEASON,REGULAR,\N,\N,GUEST,Y
2011,13,GAN,CHA,37,24,SEASON,REGULAR,\N,\N,GUEST,Y
2011,14,TIZ,COL,31,54,SEASON,REGULAR,\N,\N,HOME,Y
2011,14,VIL,TRO,66,47,SEASON,REGULAR,\N,\N,GUEST,Y
2011,14,GAN,PIR,56,48,SEASON,REGULAR,\N,\N,GUEST,Y
2011,14,GT,CHA,25,43,SEASON,REGULAR,\N,\N,HOME,Y
2011,14,GUE,SAL,34,45,SEASON,REGULAR,\N,\N,HOME,Y
2011,14,CA,RUD,31,61,SEASON,REGULAR,\N,\N,HOME,Y
2011,15,PIR,CA,67,37,ROUND1,REGULAR,\N,\N,GUEST,Y
2011,15,SAL,VIL,31,64,ROUND1,REGULAR,\N,\N,HOME,Y
2011,16,PIR,GAN,48,58,ROUND2,REGULAR,\N,\N,HOME,Y
2011,16,VIL,GUE,61,40,ROUND2,REGULAR,\N,\N,GUEST,Y
2011,17,VIL,GAN,61,65,NOPAL_BOWL,REGULAR,\N,\N,HOME,Y
2012,1,SAL,CHA,48,54,SEASON,REGULAR,\N,\N,HOME,Y
2012,1,GUE,GT,53,66,SEASON,REGULAR,\N,\N,HOME,Y
2012,1,TIZ,RUD,48,61,SEASON,REGULAR,\N,\N,HOME,Y
2012,1,COL,PIR,54,43,SEASON,REGULAR,\N,\N,GUEST,Y
2012,1,VIL,CA,53,42,SEASON,REGULAR,\N,\N,GUEST,Y
2012,1,TRO,GAN,56,47,SEASON,REGULAR,\N,\N,GUEST,Y
2012,2,TRO,COL,44,27,SEASON,REGULAR,\N,\N,GUEST,Y
2012,2,TIZ,VIL,47,41,SEASON,REGULAR,\N,\N,GUEST,Y
2012,2,SAL,CA,49,40,SEASON,REGULAR,\N,\N,GUEST,Y
2012,2,GAN,CHA,44,48,SEASON,REGULAR,\N,\N,HOME,Y
2012,2,GUE,RUD,46,45,SEASON,REGULAR,\N,\N,GUEST,Y
2012,2,PIR,GT,64,52,SEASON,REGULAR,\N,\N,GUEST,Y
2012,3,COL,TIZ,44,36,SEASON,REGULAR,\N,\N,GUEST,Y
2012,3,TRO,VIL,40,57,SEASON,REGULAR,\N,\N,HOME,Y
2012,3,PIR,SAL,49,65,SEASON,REGULAR,\N,\N,HOME,Y
2012,3,GT,CA,48,50,SEASON,REGULAR,\N,\N,HOME,Y
2012,3,GAN,GUE,40,60,SEASON,REGULAR,\N,\N,HOME,Y
2012,3,CHA,RUD,41,41,SEASON,BENCH,0,1,HOME,Y
2012,4,GT,PIR,57,44,SEASON,REGULAR,\N,\N,GUEST,Y
2012,4,CHA,GAN,59,46,SEASON,REGULAR,\N,\N,GUEST,Y
2012,4,SAL,TIZ,30,53,SEASON,REGULAR,\N,\N,HOME,Y
2012,4,CA,COL,70,55,SEASON,REGULAR,\N,\N,GUEST,Y
2012,4,GUE,VIL,44,51,SEASON,REGULAR,\N,\N,HOME,Y
2012,4,RUD,TRO,62,55,SEASON,REGULAR,\N,\N,GUEST,Y
2012,5,CA,SAL,53,28,SEASON,REGULAR,\N,\N,GUEST,Y
2012,5,RUD,GUE,52,56,SEASON,REGULAR,\N,\N,HOME,Y
2012,5,PIR,TIZ,50,36,SEASON,REGULAR,\N,\N,GUEST,Y
2012,5,GT,COL,44,35,SEASON,REGULAR,\N,\N,GUEST,Y
2012,5,GAN,VIL,57,76,SEASON,REGULAR,\N,\N,HOME,Y
2012,5,CHA,TRO,36,62,SEASON,REGULAR,\N,\N,HOME,Y
2012,6,CHA,PIR,39,36,SEASON,REGULAR,\N,\N,GUEST,Y
2012,6,GAN,GT,24,44,SEASON,REGULAR,\N,\N,HOME,Y
2012,6,GUE,TIZ,18,62,SEASON,REGULAR,\N,\N,HOME,Y
2012,6,RUD,COL,41,69,SEASON,REGULAR,\N,\N,HOME,Y
2012,6,SAL,VIL,63,52,SEASON,REGULAR,\N,\N,GUEST,Y
2012,6,CA,TRO,37,44,SEASON,REGULAR,\N,\N,HOME,Y
2012,7,RUD,SAL,44,41,SEASON,REGULAR,\N,\N,GUEST,Y
2012,7,GUE,CA,41,34,SEASON,REGULAR,\N,\N,GUEST,Y
2012,7,GAN,TIZ,49,40,SEASON,REGULAR,\N,\N,GUEST,Y
2012,7,CHA,COL,35,33,SEASON,REGULAR,\N,\N,GUEST,Y
2012,7,PIR,VIL,46,44,SEASON,REGULAR,\N,\N,GUEST,Y
2012,7,GT,TRO,54,45,SEASON,REGULAR,\N,\N,GUEST,Y
2012,8,PIR,GAN,42,31,SEASON,REGULAR,\N,\N,GUEST,Y
2012,8,CHA,GT,53,42,SEASON,REGULAR,\N,\N,GUEST,Y
2012,8,TIZ,CA,22,62,SEASON,REGULAR,\N,\N,HOME,Y
2012,8,COL,GUE,54,37,SEASON,REGULAR,\N,\N,GUEST,Y
2012,8,VIL,RUD,50,31,SEASON,REGULAR,\N,\N,GUEST,Y
2012,8,TRO,SAL,30,28,SEASON,REGULAR,\N,\N,GUEST,Y
2012,9,SAL,GUE,29,49,SEASON,REGULAR,\N,\N,HOME,Y
2012,9,RUD,CA,30,44,SEASON,REGULAR,\N,\N,HOME,Y
2012,9,TIZ,GT,39,65,SEASON,REGULAR,\N,\N,HOME,Y
2012,9,COL,GAN,43,62,SEASON,REGULAR,\N,\N,HOME,Y
2012,9,VIL,CHA,43,53,SEASON,REGULAR,\N,\N,HOME,Y
2012,9,TRO,PIR,50,52,SEASON,REGULAR,\N,\N,HOME,Y
2012,10,SAL,GT,39,72,SEASON,REGULAR,\N,\N,HOME,Y
2012,10,CA,GAN,28,67,SEASON,REGULAR,\N,\N,HOME,Y
2012,10,GUE,CHA,29,42,SEASON,REGULAR,\N,\N,HOME,Y
2012,10,RUD,PIR,41,47,SEASON,REGULAR,\N,\N,HOME,Y
2012,10,VIL,COL,67,50,SEASON,REGULAR,\N,\N,GUEST,Y
2012,10,TRO,TIZ,27,30,SEASON,REGULAR,\N,\N,HOME,Y
2012,11,CA,PIR,34,42,SEASON,REGULAR,\N,\N,HOME,Y
2012,11,RUD,GAN,26,41,SEASON,REGULAR,\N,\N,HOME,Y
2012,11,TIZ,CHA,18,35,SEASON,REGULAR,\N,\N,HOME,Y
2012,11,COL,SAL,50,40,SEASON,REGULAR,\N,\N,GUEST,Y
2012,11,VIL,GT,41,38,SEASON,REGULAR,\N,\N,GUEST,Y
2012,11,TRO,GUE,34,45,SEASON,REGULAR,\N,\N,HOME,Y
2012,12,VIL,TIZ,50,38,SEASON,REGULAR,\N,\N,GUEST,Y
2012,12,COL,TRO,43,56,SEASON,REGULAR,\N,\N,HOME,Y
2012,12,GAN,SAL,22,34,SEASON,REGULAR,\N,\N,HOME,Y
2012,12,CHA,CA,52,47,SEASON,REGULAR,\N,\N,GUEST,Y
2012,12,PIR,GUE,42,55,SEASON,REGULAR,\N,\N,HOME,Y
2012,12,GT,RUD,47,62,SEASON,REGULAR,\N,\N,HOME,Y
2012,13,TIZ,TRO,37,48,SEASON,REGULAR,\N,\N,HOME,Y
2012,13,COL,VIL,42,66,SEASON,REGULAR,\N,\N,HOME,Y
2012,13,SAL,RUD,36,71,SEASON,REGULAR,\N,\N,HOME,Y
2012,13,CA,GUE,27,40,SEASON,REGULAR,\N,\N,HOME,Y
2012,13,PIR,CHA,43,46,SEASON,REGULAR,\N,\N,HOME,Y
2012,13,GT,GAN,44,44,SEASON,BENCH,1,0,GUEST,Y
2012,14,TIZ,COL,70,44,SEASON,REGULAR,\N,\N,GUEST,Y
2012,14,VIL,TRO,47,35,SEASON,REGULAR,\N,\N,GUEST,Y
2012,14,GAN,PIR,49,47,SEASON,REGULAR,\N,\N,GUEST,Y
2012,14,GT,CHA,60,49,SEASON,REGULAR,\N,\N,GUEST,Y
2012,14,GUE,SAL,44,46,SEASON,REGULAR,\N,\N,HOME,Y
2012,14,CA,RUD,38,49,SEASON,REGULAR,\N,\N,HOME,Y
2012,15,PIR,GT,29,42,ROUND1,REGULAR,\N,\N,HOME,Y
2012,15,RUD,GUE,31,64,ROUND1,REGULAR,\N,\N,HOME,Y
2012,16,GT,CHA,62,43,ROUND2,REGULAR,\N,\N,GUEST,Y
2012,16,GUE,VIL,61,47,ROUND2,REGULAR,\N,\N,GUEST,Y
2012,17,GT,GUE,42,48,NOPAL_BOWL,REGULAR,\N,\N,HOME,Y
2013,1,PIR,CA,50,43,SEASON,REGULAR,\N,\N,GUEST,Y
2013,1,GAN,RUD,33,67,SEASON,REGULAR,\N,\N,HOME,Y
2013,1,CHA,TIZ,53,47,SEASON,REGULAR,\N,\N,GUEST,Y
2013,1,SAL,COL,52,82,SEASON,REGULAR,\N,\N,HOME,Y
2013,1,GT,VIL,71,64,SEASON,REGULAR,\N,\N,GUEST,Y
2013,1,GUE,TRO,54,64,SEASON,REGULAR,\N,\N,HOME,Y
2013,2,TIZ,VIL,57,55,SEASON,REGULAR,\N,\N,GUEST,Y
2013,2,TRO,COL,51,51,SEASON,BENCH,1,0,GUEST,Y
2013,2,SAL,GAN,60,40,SEASON,REGULAR,\N,\N,GUEST,Y
2013,2,CA,CHA,66,56,SEASON,REGULAR,\N,\N,GUEST,Y
2013,2,GUE,PIR,50,42,SEASON,REGULAR,\N,\N,GUEST,Y
2013,2,RUD,GT,36,52,SEASON,REGULAR,\N,\N,HOME,Y
2013,3,TIZ,COL,44,33,SEASON,REGULAR,\N,\N,GUEST,Y
2013,3,VIL,TRO,62,35,SEASON,REGULAR,\N,\N,GUEST,Y
2013,3,SAL,PIR,47,58,SEASON,REGULAR,\N,\N,HOME,Y
2013,3,CA,GT,34,52,SEASON,REGULAR,\N,\N,HOME,Y
2013,3,GUE,GAN,28,37,SEASON,REGULAR,\N,\N,HOME,Y
2013,3,RUD,CHA,50,62,SEASON,REGULAR,\N,\N,HOME,Y
2013,4,PIR,GT,65,70,SEASON,REGULAR,\N,\N,HOME,Y
2013,4,GAN,CHA,30,54,SEASON,REGULAR,\N,\N,HOME,Y
2013,4,TIZ,SAL,49,34,SEASON,REGULAR,\N,\N,GUEST,Y
2013,4,COL,CA,55,50,SEASON,REGULAR,\N,\N,GUEST,Y
2013,4,VIL,GUE,55,50,SEASON,REGULAR,\N,\N,GUEST,Y
2013,4,TRO,RUD,58,38,SEASON,REGULAR,\N,\N,GUEST,Y
2013,5,SAL,CA,22,48,SEASON,REGULAR,\N,\N,HOME,Y
2013,5,GUE,RUD,38,42,SEASON,REGULAR,\N,\N,HOME,Y
2013,5,TIZ,PIR,43,50,SEASON,REGULAR,\N,\N,HOME,Y
2013,5,COL,GT,55,63,SEASON,REGULAR,\N,\N,HOME,Y
2013,5,VIL,GAN,36,24,SEASON,REGULAR,\N,\N,GUEST,Y
2013,5,TRO,CHA,69,23,SEASON,REGULAR,\N,\N,GUEST,Y
2013,6,CHA,PIR,48,46,SEASON,REGULAR,\N,\N,GUEST,Y
2013,6,GAN,GT,39,51,SEASON,REGULAR,\N,\N,HOME,Y
2013,6,TIZ,GUE,37,30,SEASON,REGULAR,\N,\N,GUEST,Y
2013,6,COL,RUD,46,58,SEASON,REGULAR,\N,\N,HOME,Y
2013,6,VIL,SAL,51,36,SEASON,REGULAR,\N,\N,GUEST,Y
2013,6,TRO,CA,23,47,SEASON,REGULAR,\N,\N,HOME,Y
2013,7,SAL,RUD,36,67,SEASON,REGULAR,\N,\N,HOME,Y
2013,7,CA,GUE,29,33,SEASON,REGULAR,\N,\N,HOME,Y
2013,7,TIZ,GAN,59,26,SEASON,REGULAR,\N,\N,GUEST,Y
2013,7,COL,CHA,42,36,SEASON,REGULAR,\N,\N,GUEST,Y
2013,7,VIL,PIR,58,39,SEASON,REGULAR,\N,\N,GUEST,Y
2013,7,TRO,GT,35,61,SEASON,REGULAR,\N,\N,HOME,Y
2013,8,GAN,PIR,55,67,SEASON,REGULAR,\N,\N,HOME,Y
2013,8,GT,CHA,59,66,SEASON,REGULAR,\N,\N,HOME,Y
2013,8,CA,TIZ,22,11,SEASON,REGULAR,\N,\N,GUEST,Y
2013,8,GUE,COL,18,32,SEASON,REGULAR,\N,\N,HOME,Y
2013,8,RUD,VIL,58,52,SEASON,REGULAR,\N,\N,GUEST,Y
2013,8,SAL,TRO,30,57,SEASON,REGULAR,\N,\N,HOME,Y
2013,9,GUE,SAL,23,29,SEASON,REGULAR,\N,\N,HOME,Y
2013,9,CA,RUD,31,24,SEASON,REGULAR,\N,\N,GUEST,Y
2013,9,GT,TIZ,5,66,SEASON,REGULAR,\N,\N,HOME,Y
2013,9,GAN,COL,36,14,SEASON,REGULAR,\N,\N,GUEST,Y
2013,9,CHA,VIL,67,42,SEASON,REGULAR,\N,\N,GUEST,Y
2013,9,PIR,TRO,59,72,SEASON,REGULAR,\N,\N,HOME,Y
2013,10,GT,SAL,44,37,SEASON,REGULAR,\N,\N,GUEST,Y
2013,10,GAN,CA,43,46,SEASON,REGULAR,\N,\N,HOME,Y
2013,10,CHA,GUE,37,24,SEASON,REGULAR,\N,\N,GUEST,Y
2013,10,PIR,RUD,58,53,SEASON,REGULAR,\N,\N,GUEST,Y
2013,10,COL,VIL,36,47,SEASON,REGULAR,\N,\N,HOME,Y
2013,10,TIZ,TRO,42,30,SEASON,REGULAR,\N,\N,GUEST,Y
2013,11,CHA,SAL,54,43,SEASON,REGULAR,\N,\N,GUEST,Y
2013,11,GT,GUE,51,42,SEASON,REGULAR,\N,\N,GUEST,Y
2013,11,RUD,TIZ,48,51,SEASON,REGULAR,\N,\N,HOME,Y
2013,11,PIR,COL,33,27,SEASON,REGULAR,\N,\N,GUEST,Y
2013,11,CA,VIL,20,69,SEASON,REGULAR,\N,\N,HOME,Y
2013,11,GAN,TRO,41,44,SEASON,REGULAR,\N,\N,HOME,Y
2013,12,VIL,TIZ,47,30,SEASON,REGULAR,\N,\N,GUEST,Y
2013,12,COL,TRO,24,59,SEASON,REGULAR,\N,\N,HOME,Y
2013,12,CA,SAL,37,31,SEASON,REGULAR,\N,\N,GUEST,Y
2013,12,RUD,GUE,59,34,SEASON,REGULAR,\N,\N,GUEST,Y
2013,12,GT,PIR,43,39,SEASON,REGULAR,\N,\N,GUEST,Y
2013,12,CHA,GAN,49,50,SEASON,REGULAR,\N,\N,HOME,Y
2013,13,TRO,TIZ,50,49,SEASON,REGULAR,\N,\N,GUEST,Y
2013,13,VIL,COL,51,30,SEASON,REGULAR,\N,\N,GUEST,Y
2013,13,RUD,SAL,51,53,SEASON,REGULAR,\N,\N,HOME,Y
2013,13,GUE,CA,47,30,SEASON,REGULAR,\N,\N,GUEST,Y
2013,13,PIR,CHA,33,75,SEASON,REGULAR,\N,\N,HOME,Y
2013,13,GT,GAN,70,29,SEASON,REGULAR,\N,\N,GUEST,Y
2013,14,COL,TIZ,34,59,SEASON,REGULAR,\N,\N,HOME,Y
2013,14,TRO,VIL,41,63,SEASON,REGULAR,\N,\N,HOME,Y
2013,14,PIR,GAN,55,43,SEASON,REGULAR,\N,\N,GUEST,Y
2013,14,CHA,GT,50,71,SEASON,REGULAR,\N,\N,HOME,Y
2013,14,SAL,GUE,28,46,SEASON,REGULAR,\N,\N,HOME,Y
2013,14,RUD,CA,48,25,SEASON,REGULAR,\N,\N,GUEST,Y
2013,15,TRO,CHA,44,42,ROUND1,REGULAR,\N,\N,GUEST,Y
2013,15,TIZ,RUD,48,59,ROUND1,REGULAR,\N,\N,HOME,Y
2013,16,TRO,GT,45,73,ROUND2,REGULAR,\N,\N,HOME,Y
2013,16,RUD,VIL,53,56,ROUND2,REGULAR,\N,\N,HOME,Y
2013,17,VIL,GT,45,58,NOPAL_BOWL,REGULAR,\N,\N,HOME,Y
2014,1,SAL,CHA,70,67,SEASON,REGULAR,\N,\N,GUEST,Y
2014,1,GUE,GT,42,39,SEASON,REGULAR,\N,\N,GUEST,Y
2014,1,TIZ,RUD,49,44,SEASON,REGULAR,\N,\N,GUEST,Y
2014,1,COL,PIR,32,48,SEASON,REGULAR,\N,\N,HOME,Y
2014,1,VIL,CA,37,35,SEASON,REGULAR,\N,\N,GUEST,Y
2014,1,TRO,GAN,53,47,SEASON,REGULAR,\N,\N,GUEST,Y
2014,2,CA,SAL,31,48,SEASON,REGULAR,\N,\N,HOME,Y
2014,2,RUD,GUE,21,35,SEASON,REGULAR,\N,\N,HOME,Y
2014,2,PIR,TIZ,52,42,SEASON,REGULAR,\N,\N,GUEST,Y
2014,2,GT,COL,41,65,SEASON,REGULAR,\N,\N,HOME,Y
2014,2,GAN,VIL,51,50,SEASON,REGULAR,\N,\N,GUEST,Y
2014,2,CHA,TRO,51,51,SEASON,BENCH,0,1,HOME,Y
2014,3,COL,TIZ,36,51,SEASON,REGULAR,\N,\N,HOME,Y
2014,3,TRO,VIL,35,55,SEASON,REGULAR,\N,\N,HOME,Y
2014,3,PIR,SAL,19,61,SEASON,REGULAR,\N,\N,HOME,Y
2014,3,GT,CA,39,36,SEASON,REGULAR,\N,\N,GUEST,Y
2014,3,GAN,GUE,20,53,SEASON,REGULAR,\N,\N,HOME,Y
2014,3,CHA,RUD,61,14,SEASON,REGULAR,\N,\N,GUEST,Y
2014,4,GT,PIR,35,44,SEASON,REGULAR,\N,\N,HOME,Y
2014,4,CHA,GAN,18,40,SEASON,REGULAR,\N,\N,HOME,Y
2014,4,SAL,TIZ,33,43,SEASON,REGULAR,\N,\N,HOME,Y
2014,4,CA,COL,31,32,SEASON,REGULAR,\N,\N,HOME,Y
2014,4,GUE,VIL,41,42,SEASON,REGULAR,\N,\N,HOME,Y
2014,4,RUD,TRO,13,53,SEASON,REGULAR,\N,\N,HOME,Y
2014,5,VIL,TIZ,44,58,SEASON,REGULAR,\N,\N,HOME,Y
2014,5,COL,TRO,44,66,SEASON,REGULAR,\N,\N,HOME,Y
2014,5,GAN,SAL,34,48,SEASON,REGULAR,\N,\N,HOME,Y
2014,5,CHA,CA,38,43,SEASON,REGULAR,\N,\N,HOME,Y
2014,5,PIR,GUE,33,43,SEASON,REGULAR,\N,\N,HOME,Y
2014,5,GT,RUD,35,29,SEASON,REGULAR,\N,\N,GUEST,Y
2014,6,PIR,CHA,37,49,SEASON,REGULAR,\N,\N,HOME,Y
2014,6,GT,GAN,20,38,SEASON,REGULAR,\N,\N,HOME,Y
2014,6,GUE,TIZ,44,54,SEASON,REGULAR,\N,\N,HOME,Y
2014,6,RUD,COL,44,52,SEASON,REGULAR,\N,\N,HOME,Y
2014,6,SAL,VIL,44,56,SEASON,REGULAR,\N,\N,HOME,Y
2014,6,CA,TRO,55,55,SEASON,BENCH,0,1,HOME,Y
2014,7,RUD,SAL,18,34,SEASON,REGULAR,\N,\N,HOME,Y
2014,7,GUE,CA,42,48,SEASON,REGULAR,\N,\N,HOME,Y
2014,7,GAN,TIZ,23,59,SEASON,REGULAR,\N,\N,HOME,Y
2014,7,CHA,COL,20,42,SEASON,REGULAR,\N,\N,HOME,Y
2014,7,PIR,VIL,42,31,SEASON,REGULAR,\N,\N,GUEST,Y
2014,7,GT,TRO,33,56,SEASON,REGULAR,\N,\N,HOME,Y
2014,8,PIR,GAN,31,41,SEASON,REGULAR,\N,\N,HOME,Y
2014,8,CHA,GT,44,36,SEASON,REGULAR,\N,\N,GUEST,Y
2014,8,TIZ,CA,50,60,SEASON,REGULAR,\N,\N,HOME,Y
2014,8,COL,GUE,33,40,SEASON,REGULAR,\N,\N,HOME,Y
2014,8,VIL,RUD,39,38,SEASON,REGULAR,\N,\N,GUEST,Y
2014,8,TRO,SAL,93,39,SEASON,REGULAR,\N,\N,GUEST,Y
2014,9,SAL,GUE,34,39,SEASON,REGULAR,\N,\N,HOME,Y
2014,9,RUD,CA,26,47,SEASON,REGULAR,\N,\N,HOME,Y
2014,9,TIZ,GT,62,27,SEASON,REGULAR,\N,\N,GUEST,Y
2014,9,COL,GAN,38,38,SEASON,BENCH,1,0,GUEST,Y
2014,9,VIL,CHA,74,27,SEASON,REGULAR,\N,\N,GUEST,Y
2014,9,TRO,PIR,60,56,SEASON,REGULAR,\N,\N,GUEST,Y
2014,10,SAL,GT,58,44,SEASON,REGULAR,\N,\N,GUEST,Y
2014,10,CA,GAN,16,31,SEASON,REGULAR,\N,\N,HOME,Y
2014,10,GUE,CHA,38,41,SEASON,REGULAR,\N,\N,HOME,Y
2014,10,RUD,PIR,14,29,SEASON,REGULAR,\N,\N,HOME,Y
2014,10,VIL,COL,46,34,SEASON,REGULAR,\N,\N,GUEST,Y
2014,10,TRO,TIZ,69,56,SEASON,REGULAR,\N,\N,GUEST,Y
2014,11,CA,PIR,34,34,SEASON,BENCH,0,1,HOME,Y
2014,11,RUD,GAN,18,59,SEASON,REGULAR,\N,\N,HOME,Y
2014,11,TIZ,CHA,41,31,SEASON,REGULAR,\N,\N,GUEST,Y
2014,11,COL,SAL,39,30,SEASON,REGULAR,\N,\N,GUEST,Y
2014,11,VIL,GT,45,31,SEASON,REGULAR,\N,\N,GUEST,Y
2014,11,TRO,GUE,57,43,SEASON,REGULAR,\N,\N,GUEST,Y
2014,12,TIZ,VIL,44,54,SEASON,REGULAR,\N,\N,HOME,Y
2014,12,TRO,COL,55,38,SEASON,REGULAR,\N,\N,GUEST,Y
2014,12,SAL,CA,55,58,SEASON,REGULAR,\N,\N,HOME,Y
2014,12,GUE,RUD,38,13,SEASON,REGULAR,\N,\N,GUEST,Y
2014,12,PIR,GT,47,44,SEASON,REGULAR,\N,\N,GUEST,Y
2014,12,GAN,CHA,47,13,SEASON,REGULAR,\N,\N,GUEST,Y
2014,13,TIZ,TRO,32,56,SEASON,REGULAR,\N,\N,HOME,Y
2014,13,COL,VIL,43,50,SEASON,REGULAR,\N,\N,HOME,Y
2014,13,SAL,RUD,45,29,SEASON,REGULAR,\N,\N,GUEST,Y
2014,13,CA,GUE,57,40,SEASON,REGULAR,\N,\N,GUEST,Y
2014,13,CHA,PIR,46,31,SEASON,REGULAR,\N,\N,GUEST,Y
2014,13,GAN,GT,49,48,SEASON,REGULAR,\N,\N,GUEST,Y
2014,14,TIZ,COL,38,59,SEASON,REGULAR,\N,\N,HOME,Y
2014,14,VIL,TRO,37,49,SEASON,REGULAR,\N,\N,HOME,Y
2014,14,GAN,PIR,56,71,SEASON,REGULAR,\N,\N,HOME,Y
2014,14,GT,CHA,35,48,SEASON,REGULAR,\N,\N,HOME,Y
2014,14,GUE,SAL,67,57,SEASON,REGULAR,\N,\N,GUEST,Y
2014,14,CA,RUD,42,28,SEASON,REGULAR,\N,\N,GUEST,Y
2014,15,PIR,VIL,31,66,ROUND1,REGULAR,\N,\N,HOME,Y
2014,15,TIZ,GAN,44,54,ROUND1,REGULAR,\N,\N,HOME,Y
2014,16,VIL,TRO,48,47,ROUND2,REGULAR,\N,\N,GUEST,Y
2014,16,GAN,GUE,42,41,ROUND2,REGULAR,\N,\N,GUEST,Y
2014,17,VIL,GAN,46,36,NOPAL_BOWL,REGULAR,\N,\N,GUEST,Y
2015,1,PIR,CA,41,60,SEASON,REGULAR,\N,\N,HOME,Y
2015,1,GAN,ARR,59,45,SEASON,REGULAR,\N,\N,GUEST,Y
2015,1,CHA,TIZ,38,56,SEASON,REGULAR,\N,\N,HOME,Y
2015,1,SAL,COL,44,48,SEASON,REGULAR,\N,\N,HOME,Y
2015,1,GT,VIL,34,40,SEASON,REGULAR,\N,\N,HOME,Y
2015,1,GUE,TRO,46,46,SEASON,BENCH,1,0,GUEST,Y
2015,2,GT,SAL,39,50,SEASON,REGULAR,\N,\N,HOME,Y
2015,2,GAN,CA,31,44,SEASON,REGULAR,\N,\N,HOME,Y
2015,2,CHA,GUE,46,25,SEASON,REGULAR,\N,\N,GUEST,Y
2015,2,PIR,ARR,38,44,SEASON,REGULAR,\N,\N,HOME,Y
2015,2,COL,VIL,63,39,SEASON,REGULAR,\N,\N,GUEST,Y
2015,2,TIZ,TRO,72,49,SEASON,REGULAR,\N,\N,GUEST,Y
2015,3,GUE,SAL,25,50,SEASON,REGULAR,\N,\N,HOME,Y
2015,3,CA,ARR,52,55,SEASON,REGULAR,\N,\N,HOME,Y
2015,3,GT,TIZ,50,44,SEASON,REGULAR,\N,\N,GUEST,Y
2015,3,GAN,COL,38,66,SEASON,REGULAR,\N,\N,HOME,Y
2015,3,PIR,TRO,40,40,SEASON,BENCH,0,1,HOME,Y
2015,3,CHA,VIL,58,70,SEASON,REGULAR,\N,\N,HOME,Y
2015,4,GAN,PIR,19,56,SEASON,REGULAR,\N,\N,HOME,Y
2015,4,GT,CHA,47,26,SEASON,REGULAR,\N,\N,GUEST,Y
2015,4,CA,TIZ,46,20,SEASON,REGULAR,\N,\N,GUEST,Y
2015,4,GUE,COL,37,34,SEASON,REGULAR,\N,\N,GUEST,Y
2015,4,ARR,VIL,26,48,SEASON,REGULAR,\N,\N,HOME,Y
2015,4,SAL,TRO,34,36,SEASON,REGULAR,\N,\N,HOME,Y
2015,5,SAL,ARR,39,38,SEASON,REGULAR,\N,\N,GUEST,Y
2015,5,CA,GUE,22,27,SEASON,REGULAR,\N,\N,HOME,Y
2015,5,TIZ,GAN,48,25,SEASON,REGULAR,\N,\N,GUEST,Y
2015,5,COL,CHA,29,59,SEASON,REGULAR,\N,\N,HOME,Y
2015,5,VIL,PIR,59,61,SEASON,REGULAR,\N,\N,HOME,Y
2015,5,TRO,GT,50,55,SEASON,REGULAR,\N,\N,HOME,Y
2015,6,CHA,PIR,43,50,SEASON,REGULAR,\N,\N,HOME,Y
2015,6,GAN,GT,36,39,SEASON,REGULAR,\N,\N,HOME,Y
2015,6,TIZ,GUE,32,48,SEASON,REGULAR,\N,\N,HOME,Y
2015,6,COL,ARR,42,39,SEASON,REGULAR,\N,\N,GUEST,Y
2015,6,VIL,SAL,47,55,SEASON,REGULAR,\N,\N,HOME,Y
2015,6,TRO,CA,65,48,SEASON,REGULAR,\N,\N,GUEST,Y
2015,7,TIZ,VIL,32,66,SEASON,REGULAR,\N,\N,HOME,Y
2015,7,TRO,COL,51,53,SEASON,REGULAR,\N,\N,HOME,Y
2015,7,SAL,GAN,41,31,SEASON,REGULAR,\N,\N,GUEST,Y
2015,7,CA,CHA,37,11,SEASON,REGULAR,\N,\N,GUEST,Y
2015,7,GUE,PIR,38,49,SEASON,REGULAR,\N,\N,HOME,Y
2015,7,ARR,GT,31,52,SEASON,REGULAR,\N,\N,HOME,Y
2015,8,PIR,GT,46,67,SEASON,REGULAR,\N,\N,HOME,Y
2015,8,GAN,CHA,35,43,SEASON,REGULAR,\N,\N,HOME,Y
2015,8,TIZ,SAL,31,43,SEASON,REGULAR,\N,\N,HOME,Y
2015,8,COL,CA,43,43,SEASON,BENCH,1,0,GUEST,Y
2015,8,VIL,GUE,53,22,SEASON,REGULAR,\N,\N,GUEST,Y
2015,8,TRO,ARR,50,62,SEASON,REGULAR,\N,\N,HOME,Y
2015,9,TIZ,COL,26,48,SEASON,REGULAR,\N,\N,HOME,Y
2015,9,VIL,TRO,32,55,SEASON,REGULAR,\N,\N,HOME,Y
2015,9,SAL,PIR,30,41,SEASON,REGULAR,\N,\N,HOME,Y
2015,9,CA,GT,19,72,SEASON,REGULAR,\N,\N,HOME,Y
2015,9,GUE,GAN,47,57,SEASON,REGULAR,\N,\N,HOME,Y
2015,9,ARR,CHA,45,55,SEASON,REGULAR,\N,\N,HOME,Y
2015,10,SAL,CA,33,37,SEASON,REGULAR,\N,\N,HOME,Y
2015,10,GUE,ARR,28,39,SEASON,REGULAR,\N,\N,HOME,Y
2015,10,TIZ,PIR,56,56,SEASON,BENCH,1,0,GUEST,Y
2015,10,COL,GT,28,55,SEASON,REGULAR,\N,\N,HOME,Y
2015,10,VIL,GAN,17,48,SEASON,REGULAR,\N,\N,HOME,Y
2015,10,TRO,CHA,40,45,SEASON,REGULAR,\N,\N,HOME,Y
2015,11,CHA,SAL,26,28,SEASON,REGULAR,\N,\N,HOME,Y
2015,11,GT,GUE,25,21,SEASON,REGULAR,\N,\N,GUEST,Y
2015,11,ARR,TIZ,72,7,SEASON,REGULAR,\N,\N,GUEST,Y
2015,11,PIR,COL,35,36,SEASON,REGULAR,\N,\N,HOME,Y
2015,11,CA,VIL,65,35,SEASON,REGULAR,\N,\N,GUEST,Y
2015,11,GAN,TRO,28,47,SEASON,REGULAR,\N,\N,HOME,Y
2015,12,VIL,TIZ,49,47,SEASON,REGULAR,\N,\N,GUEST,Y
2015,12,COL,TRO,41,44,SEASON,REGULAR,\N,\N,HOME,Y
2015,12,CA,SAL,61,52,SEASON,REGULAR,\N,\N,GUEST,Y
2015,12,ARR,GUE,57,22,SEASON,REGULAR,\N,\N,GUEST,Y
2015,12,GT,PIR,52,30,SEASON,REGULAR,\N,\N,GUEST,Y
2015,12,CHA,GAN,36,47,SEASON,REGULAR,\N,\N,HOME,Y
2015,13,TRO,TIZ,51,41,SEASON,REGULAR,\N,\N,GUEST,Y
2015,13,VIL,COL,36,30,SEASON,REGULAR,\N,\N,GUEST,Y
2015,13,ARR,SAL,80,43,SEASON,REGULAR,\N,\N,GUEST,Y
2015,13,GUE,CA,33,62,SEASON,REGULAR,\N,\N,HOME,Y
2015,13,PIR,CHA,45,70,SEASON,REGULAR,\N,\N,HOME,Y
2015,13,GT,GAN,43,52,SEASON,REGULAR,\N,\N,HOME,Y
2015,14,COL,TIZ,32,59,SEASON,REGULAR,\N,\N,HOME,Y
2015,14,TRO,VIL,23,36,SEASON,REGULAR,\N,\N,HOME,Y
2015,14,PIR,GAN,59,49,SEASON,REGULAR,\N,\N,GUEST,Y
2015,14,CHA,GT,42,58,SEASON,REGULAR,\N,\N,HOME,Y
2015,14,SAL,GUE,31,34,SEASON,REGULAR,\N,\N,HOME,Y
2015,14,ARR,CA,57,46,SEASON,REGULAR,\N,\N,GUEST,Y
2015,15,CA,COL,38,66,ROUND1,REGULAR,\N,\N,HOME,Y
2015,15,TRO,ARR,51,70,ROUND1,REGULAR,\N,\N,HOME,Y
2015,16,COL,GT,42,67,ROUND2,REGULAR,\N,\N,HOME,Y
2015,16,ARR,VIL,41,45,ROUND2,REGULAR,\N,\N,HOME,Y
2015,17,VIL,GT,32,38,NOPAL_BOWL,REGULAR,\N,\N,HOME,Y
2016,1,PIR,CA,43,27,SEASON,REGULAR,\N,\N,GUEST,Y
2016,1,GAN,ARR,49,34,SEASON,REGULAR,\N,\N,GUEST,Y
2016,1,CHA,TIZ,31,57,SEASON,REGULAR,\N,\N,HOME,Y
2016,1,SAL,COL,52,30,SEASON,REGULAR,\N,\N,GUEST,Y
2016,1,GT,VIL,48,56,SEASON,REGULAR,\N,\N,HOME,Y
2016,1,PD,TRO,33,50,SEASON,REGULAR,\N,\N,HOME,Y
2016,2,GT,SAL,47,37,SEASON,REGULAR,\N,\N,GUEST,Y
2016,2,GAN,CA,57,46,SEASON,REGULAR,\N,\N,GUEST,Y
2016,2,CHA,PD,43,49,SEASON,REGULAR,\N,\N,HOME,Y
2016,2,PIR,ARR,46,41,SEASON,REGULAR,\N,\N,GUEST,Y
2016,2,COL,VIL,25,41,SEASON,REGULAR,\N,\N,HOME,Y
2016,2,TIZ,TRO,36,50,SEASON,REGULAR,\N,\N,HOME,Y
2016,3,PD,SAL,36,48,SEASON,REGULAR,\N,\N,HOME,Y
2016,3,CA,ARR,20,55,SEASON,REGULAR,\N,\N,HOME,Y
2016,3,GT,TIZ,35,66,SEASON,REGULAR,\N,\N,HOME,Y
2016,3,GAN,COL,35,56,SEASON,REGULAR,\N,\N,HOME,Y
2016,3,PIR,TRO,29,52,SEASON,REGULAR,\N,\N,HOME,Y
2016,3,CHA,VIL,39,48,SEASON,REGULAR,\N,\N,HOME,Y
2016,4,GAN,PIR,46,23,SEASON,REGULAR,\N,\N,GUEST,Y
2016,4,GT,CHA,57,54,SEASON,REGULAR,\N,\N,GUEST,Y
2016,4,CA,TIZ,21,26,SEASON,REGULAR,\N,\N,HOME,Y
2016,4,PD,COL,32,13,SEASON,REGULAR,\N,\N,GUEST,Y
2016,4,ARR,VIL,47,43,SEASON,REGULAR,\N,\N,GUEST,Y
2016,4,SAL,TRO,49,39,SEASON,REGULAR,\N,\N,GUEST,Y
2016,5,SAL,ARR,31,51,SEASON,REGULAR,\N,\N,HOME,Y
2016,5,CA,PD,36,43,SEASON,REGULAR,\N,\N,HOME,Y
2016,5,TIZ,GAN,43,49,SEASON,REGULAR,\N,\N,HOME,Y
2016,5,COL,CHA,38,22,SEASON,REGULAR,\N,\N,GUEST,Y
2016,5,VIL,PIR,53,38,SEASON,REGULAR,\N,\N,GUEST,Y
2016,5,TRO,GT,34,49,SEASON,REGULAR,\N,\N,HOME,Y
2016,6,CHA,PIR,40,45,SEASON,REGULAR,\N,\N,HOME,Y
2016,6,GAN,GT,61,35,SEASON,REGULAR,\N,\N,GUEST,Y
2016,6,TIZ,PD,30,34,SEASON,REGULAR,\N,\N,HOME,Y
2016,6,COL,ARR,52,36,SEASON,REGULAR,\N,\N,GUEST,Y
2016,6,VIL,SAL,50,30,SEASON,REGULAR,\N,\N,GUEST,Y
2016,6,TRO,CA,56,43,SEASON,REGULAR,\N,\N,GUEST,Y
2016,7,TIZ,VIL,36,51,SEASON,REGULAR,\N,\N,HOME,Y
2016,7,TRO,COL,35,54,SEASON,REGULAR,\N,\N,HOME,Y
2016,7,SAL,GAN,53,33,SEASON,REGULAR,\N,\N,GUEST,Y
2016,7,CA,CHA,42,43,SEASON,REGULAR,\N,\N,HOME,Y
2016,7,PD,PIR,31,32,SEASON,REGULAR,\N,\N,HOME,Y
2016,7,ARR,GT,41,15,SEASON,REGULAR,\N,\N,GUEST,Y
2016,8,PIR,GT,37,13,SEASON,REGULAR,\N,\N,GUEST,Y
2016,8,GAN,CHA,32,49,SEASON,REGULAR,\N,\N,HOME,Y
2016,8,TIZ,SAL,8,39,SEASON,REGULAR,\N,\N,HOME,Y
2016,8,COL,CA,48,31,SEASON,REGULAR,\N,\N,GUEST,Y
2016,8,VIL,PD,61,43,SEASON,REGULAR,\N,\N,GUEST,Y
2016,8,TRO,ARR,35,41,SEASON,REGULAR,\N,\N,HOME,Y
2016,9,TIZ,COL,41,39,SEASON,REGULAR,\N,\N,GUEST,Y
2016,9,VIL,TRO,43,31,SEASON,REGULAR,\N,\N,GUEST,Y
2016,9,SAL,PIR,11,46,SEASON,REGULAR,\N,\N,HOME,Y
2016,9,CA,GT,22,27,SEASON,REGULAR,\N,\N,HOME,Y
2016,9,PD,GAN,28,57,SEASON,REGULAR,\N,\N,HOME,Y
2016,9,ARR,CHA,49,37,SEASON,REGULAR,\N,\N,GUEST,Y
2016,10,SAL,CA,40,17,SEASON,REGULAR,\N,\N,GUEST,Y
2016,10,PD,ARR,39,57,SEASON,REGULAR,\N,\N,HOME,Y
2016,10,TIZ,PIR,27,49,SEASON,REGULAR,\N,\N,HOME,Y
2016,10,COL,GT,39,57,SEASON,REGULAR,\N,\N,HOME,Y
2016,10,VIL,GAN,62,49,SEASON,REGULAR,\N,\N,GUEST,Y
2016,10,TRO,CHA,52,33,SEASON,REGULAR,\N,\N,GUEST,Y
2016,11,CHA,SAL,25,44,SEASON,REGULAR,\N,\N,HOME,Y
2016,11,GT,PD,21,23,SEASON,REGULAR,\N,\N,HOME,Y
2016,11,ARR,TIZ,31,40,SEASON,REGULAR,\N,\N,HOME,Y
2016,11,PIR,COL,36,39,SEASON,REGULAR,\N,\N,HOME,Y
2016,11,CA,VIL,11,41,SEASON,REGULAR,\N,\N,HOME,Y
2016,11,GAN,TRO,36,47,SEASON,REGULAR,\N,\N,HOME,Y
2016,12,VIL,TIZ,43,42,SEASON,REGULAR,\N,\N,GUEST,Y
2016,12,COL,TRO,46,53,SEASON,REGULAR,\N,\N,HOME,Y
2016,12,CA,SAL,37,36,SEASON,REGULAR,\N,\N,GUEST,Y
2016,12,ARR,PD,42,46,SEASON,REGULAR,\N,\N,HOME,Y
2016,12,GT,PIR,24,55,SEASON,REGULAR,\N,\N,HOME,Y
2016,12,CHA,GAN,48,35,SEASON,REGULAR,\N,\N,GUEST,Y
2016,13,TRO,TIZ,49,48,SEASON,REGULAR,\N,\N,GUEST,Y
2016,13,VIL,COL,60,35,SEASON,REGULAR,\N,\N,GUEST,Y
2016,13,ARR,SAL,51,37,SEASON,REGULAR,\N,\N,GUEST,Y
2016,13,PD,CA,34,25,SEASON,REGULAR,\N,\N,GUEST,Y
2016,13,PIR,CHA,52,43,SEASON,REGULAR,\N,\N,GUEST,Y
2016,13,GT,GAN,34,49,SEASON,REGULAR,\N,\N,HOME,Y
2016,14,COL,TIZ,44,28,SEASON,REGULAR,\N,\N,GUEST,Y
2016,14,TRO,VIL,40,40,SEASON,BENCH,0,1,HOME,Y
2016,14,PIR,GAN,37,35,SEASON,REGULAR,\N,\N,GUEST,Y
2016,14,CHA,GT,39,27,SEASON,REGULAR,\N,\N,GUEST,Y
2016,14,SAL,PD,27,46,SEASON,REGULAR,\N,\N,HOME,Y
2016,14,ARR,CA,35,44,SEASON,REGULAR,\N,\N,HOME,Y
2016,15,PD,TRO,49,61,ROUND1,REGULAR,\N,\N,HOME,Y
2016,15,SAL,ARR,17,47,ROUND1,REGULAR,\N,\N,HOME,Y
2016,16,TRO,VIL,39,57,ROUND2,REGULAR,\N,\N,HOME,Y
2016,16,ARR,PIR,61,61,ROUND2,BENCH,0,1,HOME,Y
2016,17,PIR,VIL,50,49,NOPAL_BOWL,REGULAR,\N,\N,GUEST,Y
2017,1,CHA,VIL,36,31,SEASON,REGULAR,\N,\N,GUEST,Y
2017,1,PIR,CLI,46,23,SEASON,REGULAR,\N,\N,GUEST,Y
2017,1,GT,TRO,26,30,SEASON,REGULAR,\N,\N,HOME,Y
2017,1,GAN,ARR,33,22,SEASON,REGULAR,\N,\N,GUEST,Y
2017,1,PAT,TIZ,41,33,SEASON,REGULAR,\N,\N,GUEST,Y
2017,1,SAL,PD,52,51,SEASON,REGULAR,\N,\N,GUEST,Y
2017,1,BRO,COL,22,46,SEASON,REGULAR,\N,\N,HOME,Y
2017,1,GOA,CB,39,15,SEASON,REGULAR,\N,\N,GUEST,Y
2017,2,PAT,PIR,26,47,SEASON,REGULAR,\N,\N,HOME,Y
2017,2,SAL,GT,20,20,SEASON,BENCH,1,0,GUEST,Y
2017,2,BRO,GAN,43,40,SEASON,REGULAR,\N,\N,GUEST,Y
2017,2,GOA,CHA,43,28,SEASON,REGULAR,\N,\N,GUEST,Y
2017,2,TIZ,CLI,22,40,SEASON,REGULAR,\N,\N,HOME,Y
2017,2,PD,TRO,45,36,SEASON,REGULAR,\N,\N,GUEST,Y
2017,2,COL,ARR,34,44,SEASON,REGULAR,\N,\N,HOME,Y
2017,2,CB,VIL,31,42,SEASON,REGULAR,\N,\N,HOME,Y
2017,3,VIL,PIR,51,40,SEASON,REGULAR,\N,\N,GUEST,Y
2017,3,CLI,GT,56,40,SEASON,REGULAR,\N,\N,GUEST,Y
2017,3,TRO,GAN,48,33,SEASON,REGULAR,\N,\N,GUEST,Y
2017,3,ARR,CHA,41,50,SEASON,REGULAR,\N,\N,HOME,Y
2017,3,TIZ,SAL,38,36,SEASON,REGULAR,\N,\N,GUEST,Y
2017,3,PD,BRO,28,55,SEASON,REGULAR,\N,\N,HOME,Y
2017,3,COL,GOA,58,37,SEASON,REGULAR,\N,\N,GUEST,Y
2017,3,CB,PAT,15,36,SEASON,REGULAR,\N,\N,HOME,Y
2017,4,CHA,GAN,36,34,SEASON,REGULAR,\N,\N,GUEST,Y
2017,4,PIR,GT,32,21,SEASON,REGULAR,\N,\N,GUEST,Y
2017,4,PAT,GOA,45,26,SEASON,REGULAR,\N,\N,GUEST,Y
2017,4,SAL,BRO,35,72,SEASON,REGULAR,\N,\N,HOME,Y
2017,4,ARR,VIL,46,44,SEASON,REGULAR,\N,\N,GUEST,Y
2017,4,CLI,TRO,38,44,SEASON,REGULAR,\N,\N,HOME,Y
2017,4,CB,TIZ,25,21,SEASON,REGULAR,\N,\N,GUEST,Y
2017,4,PD,COL,29,63,SEASON,REGULAR,\N,\N,HOME,Y
2017,5,CHA,PAT,37,60,SEASON,REGULAR,\N,\N,HOME,Y
2017,5,PIR,SAL,29,37,SEASON,REGULAR,\N,\N,HOME,Y
2017,5,GT,BRO,48,26,SEASON,REGULAR,\N,\N,GUEST,Y
2017,5,GAN,GOA,28,45,SEASON,REGULAR,\N,\N,HOME,Y
2017,5,VIL,TIZ,39,34,SEASON,REGULAR,\N,\N,GUEST,Y
2017,5,CLI,PD,38,39,SEASON,REGULAR,\N,\N,HOME,Y
2017,5,TRO,COL,52,50,SEASON,REGULAR,\N,\N,GUEST,Y
2017,5,ARR,CB,33,12,SEASON,REGULAR,\N,\N,GUEST,Y
2017,6,VIL,GAN,39,46,SEASON,REGULAR,\N,\N,HOME,Y
2017,6,CLI,CHA,36,32,SEASON,REGULAR,\N,\N,GUEST,Y
2017,6,TRO,PIR,44,43,SEASON,REGULAR,\N,\N,GUEST,Y
2017,6,ARR,GT,46,46,SEASON,BENCH,0,1,HOME,Y
2017,6,TIZ,GOA,35,38,SEASON,REGULAR,\N,\N,HOME,Y
2017,6,PD,PAT,39,42,SEASON,REGULAR,\N,\N,HOME,Y
2017,6,COL,SAL,20,19,SEASON,REGULAR,\N,\N,GUEST,Y
2017,6,CB,BRO,14,35,SEASON,REGULAR,\N,\N,HOME,Y
2017,7,CHA,PIR,22,51,SEASON,REGULAR,\N,\N,HOME,Y
2017,7,GAN,GT,39,29,SEASON,REGULAR,\N,\N,GUEST,Y
2017,7,PAT,SAL,36,46,SEASON,REGULAR,\N,\N,HOME,Y
2017,7,BRO,GOA,36,17,SEASON,REGULAR,\N,\N,GUEST,Y
2017,7,VIL,CLI,46,41,SEASON,REGULAR,\N,\N,GUEST,Y
2017,7,TRO,ARR,32,32,SEASON,BENCH,0,1,HOME,Y
2017,7,TIZ,PD,23,30,SEASON,REGULAR,\N,\N,HOME,Y
2017,7,COL,CB,42,20,SEASON,REGULAR,\N,\N,GUEST,Y
2017,8,PAT,GAN,44,45,SEASON,REGULAR,\N,\N,HOME,Y
2017,8,SAL,CHA,35,24,SEASON,REGULAR,\N,\N,GUEST,Y
2017,8,BRO,PIR,13,60,SEASON,REGULAR,\N,\N,HOME,Y
2017,8,GOA,GT,38,56,SEASON,REGULAR,\N,\N,HOME,Y
2017,8,TIZ,ARR,27,34,SEASON,REGULAR,\N,\N,HOME,Y
2017,8,PD,VIL,23,51,SEASON,REGULAR,\N,\N,HOME,Y
2017,8,COL,CLI,51,28,SEASON,REGULAR,\N,\N,GUEST,Y
2017,8,CB,TRO,13,45,SEASON,REGULAR,\N,\N,HOME,Y
2017,9,GT,CHA,18,40,SEASON,REGULAR,\N,\N,HOME,Y
2017,9,PIR,GAN,40,39,SEASON,REGULAR,\N,\N,GUEST,Y
2017,9,BRO,PAT,40,27,SEASON,REGULAR,\N,\N,GUEST,Y
2017,9,SAL,GOA,25,47,SEASON,REGULAR,\N,\N,HOME,Y
2017,9,TRO,VIL,23,41,SEASON,REGULAR,\N,\N,HOME,Y
2017,9,CLI,ARR,12,45,SEASON,REGULAR,\N,\N,HOME,Y
2017,9,COL,TIZ,30,22,SEASON,REGULAR,\N,\N,GUEST,Y
2017,9,PD,CB,30,22,SEASON,REGULAR,\N,\N,GUEST,Y
2017,10,GT,VIL,43,37,SEASON,REGULAR,\N,\N,GUEST,Y
2017,10,GAN,CLI,39,50,SEASON,REGULAR,\N,\N,HOME,Y
2017,10,CHA,TRO,37,70,SEASON,REGULAR,\N,\N,HOME,Y
2017,10,PIR,ARR,26,46,SEASON,REGULAR,\N,\N,HOME,Y
2017,10,BRO,TIZ,28,28,SEASON,BENCH,1,0,GUEST,Y
2017,10,GOA,PD,26,25,SEASON,REGULAR,\N,\N,GUEST,Y
2017,10,PAT,COL,41,41,SEASON,BENCH,0,1,HOME,Y
2017,10,SAL,CB,21,17,SEASON,REGULAR,\N,\N,GUEST,Y
2017,11,GT,PAT,30,32,SEASON,REGULAR,\N,\N,HOME,Y
2017,11,GAN,SAL,28,44,SEASON,REGULAR,\N,\N,HOME,Y
2017,11,CHA,BRO,74,33,SEASON,REGULAR,\N,\N,GUEST,Y
2017,11,PIR,GOA,48,53,SEASON,REGULAR,\N,\N,HOME,Y
2017,11,TRO,TIZ,37,42,SEASON,REGULAR,\N,\N,HOME,Y
2017,11,ARR,PD,18,29,SEASON,REGULAR,\N,\N,HOME,Y
2017,11,VIL,COL,42,71,SEASON,REGULAR,\N,\N,HOME,Y
2017,11,CLI,CB,44,17,SEASON,REGULAR,\N,\N,GUEST,Y
2017,12,GAN,CHA,39,52,SEASON,REGULAR,\N,\N,HOME,Y
2017,12,GT,PIR,15,38,SEASON,REGULAR,\N,\N,HOME,Y
2017,12,PAT,BRO,40,17,SEASON,REGULAR,\N,\N,GUEST,Y
2017,12,GOA,SAL,38,36,SEASON,REGULAR,\N,\N,GUEST,Y
2017,12,VIL,ARR,29,56,SEASON,REGULAR,\N,\N,HOME,Y
2017,12,TRO,CLI,56,45,SEASON,REGULAR,\N,\N,GUEST,Y
2017,12,TIZ,CB,52,9,SEASON,REGULAR,\N,\N,GUEST,Y
2017,12,COL,PD,40,29,SEASON,REGULAR,\N,\N,GUEST,Y
2017,13,PIR,CHA,36,46,SEASON,REGULAR,\N,\N,HOME,Y
2017,13,GT,GAN,39,34,SEASON,REGULAR,\N,\N,GUEST,Y
2017,13,SAL,PAT,35,36,SEASON,REGULAR,\N,\N,HOME,Y
2017,13,GOA,BRO,35,27,SEASON,REGULAR,\N,\N,GUEST,Y
2017,13,CLI,VIL,21,31,SEASON,REGULAR,\N,\N,HOME,Y
2017,13,ARR,TRO,40,52,SEASON,REGULAR,\N,\N,HOME,Y
2017,13,PD,TIZ,29,16,SEASON,REGULAR,\N,\N,GUEST,Y
2017,13,CB,COL,22,46,SEASON,REGULAR,\N,\N,HOME,Y
2017,14,CHA,GT,36,51,SEASON,REGULAR,\N,\N,HOME,Y
2017,14,GAN,PIR,55,41,SEASON,REGULAR,\N,\N,GUEST,Y
2017,14,GOA,PAT,42,46,SEASON,REGULAR,\N,\N,HOME,Y
2017,14,BRO,SAL,36,25,SEASON,REGULAR,\N,\N,GUEST,Y
2017,14,VIL,TRO,55,37,SEASON,REGULAR,\N,\N,GUEST,Y
2017,14,ARR,CLI,43,27,SEASON,REGULAR,\N,\N,GUEST,Y
2017,14,TIZ,COL,10,57,SEASON,REGULAR,\N,\N,HOME,Y
2017,14,CB,PD,20,27,SEASON,REGULAR,\N,\N,HOME,Y
2017,15,GOA,PIR,41,51,DIVISIONAL,REGULAR,\N,\N,HOME,Y
2017,15,BRO,PAT,55,51,DIVISIONAL,REGULAR,\N,\N,GUEST,Y
2017,15,ARR,TRO,48,45,DIVISIONAL,REGULAR,\N,\N,GUEST,Y
2017,15,VIL,COL,61,38,DIVISIONAL,REGULAR,\N,\N,GUEST,Y
2017,16,BRO,PIR,37,32,CONFERENCE_FINAL,REGULAR,\N,\N,GUEST,Y
2017,16,VIL,ARR,38,49,CONFERENCE_FINAL,REGULAR,\N,\N,HOME,Y
2017,17,BRO,ARR,12,44,NOPAL_BOWL,REGULAR,\N,\N,HOME,N
